date,sku,warehouse,stock_on_hand,stock_incoming,audit_status,physical_count
2026-08-01,SLP-BAM-01,Delhi-Hub,307,0,Match,307
2026-08-01,SLP-BAM-01,Mumbai-Hub,289,0,Match,289
2026-08-01,SLP-BAM-01,Bengaluru-Hub,296,0,Match,296
2026-08-01,SLP-BAM-01,FBA-Warehouse,756,0,Match,756
2026-08-01,SLP-COOL-09,Delhi-Hub,267,200,Match,267
2026-08-01,SLP-COOL-09,Mumbai-Hub,271,0,Match,271
2026-08-01,SLP-COOL-09,Bengaluru-Hub,267,0,Match,267
2026-08-01,SLP-COOL-09,FBA-Warehouse,794,0,Match,794
2026-08-01,SLP-GEL-02,Delhi-Hub,316,300,Match,316
2026-08-01,SLP-GEL-02,Mumbai-Hub,319,0,Match,319
2026-08-01,SLP-GEL-02,Bengaluru-Hub,298,0,Match,298
2026-08-01,SLP-GEL-02,FBA-Warehouse,707,0,Match,707
2026-08-01,SLP-KIDS-10,Delhi-Hub,299,0,Match,299
2026-08-01,SLP-KIDS-10,Mumbai-Hub,302,0,Match,302
2026-08-01,SLP-KIDS-10,Bengaluru-Hub,800,0,Match,800
2026-08-01,SLP-KIDS-10,FBA-Warehouse,821,0,Match,821
2026-08-01,SLP-KNEE-08,Delhi-Hub,269,0,Match,269
2026-08-01,SLP-KNEE-08,Mumbai-Hub,275,0,Match,275
2026-08-01,SLP-KNEE-08,Bengaluru-Hub,319,0,Match,319
2026-08-01,SLP-KNEE-08,FBA-Warehouse,820,0,Match,820
2026-08-01,SLP-LUM-06,Delhi-Hub,305,0,Match,305
2026-08-01,SLP-LUM-06,Mumbai-Hub,308,0,Match,308
2026-08-01,SLP-LUM-06,Bengaluru-Hub,287,0,Match,287
2026-08-01,SLP-LUM-06,FBA-Warehouse,728,500,Match,728
2026-08-01,SLP-MIC-04,Delhi-Hub,302,0,Match,302
2026-08-01,SLP-MIC-04,Mumbai-Hub,282,0,Match,282
2026-08-01,SLP-MIC-04,Bengaluru-Hub,269,0,Match,269
2026-08-01,SLP-MIC-04,FBA-Warehouse,837,0,Match,837
2026-08-01,SLP-PREG-05,Delhi-Hub,290,500,Match,290
2026-08-01,SLP-PREG-05,Mumbai-Hub,287,0,Match,287
2026-08-01,SLP-PREG-05,Bengaluru-Hub,279,0,Match,279
2026-08-01,SLP-PREG-05,FBA-Warehouse,806,0,Match,806
2026-08-01,SLP-SHR-03,Delhi-Hub,272,0,Match,272
2026-08-01,SLP-SHR-03,Mumbai-Hub,272,150,Match,272
2026-08-01,SLP-SHR-03,Bengaluru-Hub,282,0,Match,282
2026-08-01,SLP-SHR-03,FBA-Warehouse,812,0,Match,812
2026-08-01,SLP-TRV-07,Delhi-Hub,277,0,Match,277
2026-08-01,SLP-TRV-07,Mumbai-Hub,2500,0,Match,2500
2026-08-01,SLP-TRV-07,Bengaluru-Hub,310,0,Match,310
2026-08-01,SLP-TRV-07,FBA-Warehouse,840,0,Match,840
2026-08-02,SLP-BAM-01,Delhi-Hub,285,0,Match,285
2026-08-02,SLP-BAM-01,Mumbai-Hub,257,0,Match,257
2026-08-02,SLP-BAM-01,Bengaluru-Hub,262,0,Match,262
2026-08-02,SLP-BAM-01,FBA-Warehouse,721,500,Match,721
2026-08-02,SLP-COOL-09,Delhi-Hub,268,0,Match,268
2026-08-02,SLP-COOL-09,Mumbai-Hub,274,0,Match,274
2026-08-02,SLP-COOL-09,Bengaluru-Hub,253,0,Match,253
2026-08-02,SLP-COOL-09,FBA-Warehouse,772,0,Match,772
2026-08-02,SLP-GEL-02,Delhi-Hub,275,150,Match,275
2026-08-02,SLP-GEL-02,Mumbai-Hub,264,0,Match,264
2026-08-02,SLP-GEL-02,Bengaluru-Hub,254,0,Match,254
2026-08-02,SLP-GEL-02,FBA-Warehouse,805,0,Match,805
2026-08-02,SLP-KIDS-10,Delhi-Hub,297,0,Match,297
2026-08-02,SLP-KIDS-10,Mumbai-Hub,267,0,Match,267
2026-08-02,SLP-KIDS-10,Bengaluru-Hub,800,0,Match,800
2026-08-02,SLP-KIDS-10,FBA-Warehouse,785,0,Match,785
2026-08-02,SLP-KNEE-08,Delhi-Hub,290,0,Match,290
2026-08-02,SLP-KNEE-08,Mumbai-Hub,284,200,Match,284
2026-08-02,SLP-KNEE-08,Bengaluru-Hub,275,0,Match,275
2026-08-02,SLP-KNEE-08,FBA-Warehouse,755,0,Match,755
2026-08-02,SLP-LUM-06,Delhi-Hub,281,0,Match,281
2026-08-02,SLP-LUM-06,Mumbai-Hub,284,200,Match,284
2026-08-02,SLP-LUM-06,Bengaluru-Hub,288,0,Match,288
2026-08-02,SLP-LUM-06,FBA-Warehouse,725,0,Match,725
2026-08-02,SLP-MIC-04,Delhi-Hub,289,0,Match,289
2026-08-02,SLP-MIC-04,Mumbai-Hub,260,0,Match,260
2026-08-02,SLP-MIC-04,Bengaluru-Hub,283,0,Match,283
2026-08-02,SLP-MIC-04,FBA-Warehouse,686,0,Match,686
2026-08-02,SLP-PREG-05,Delhi-Hub,300,0,Match,300
2026-08-02,SLP-PREG-05,Mumbai-Hub,261,0,Match,261
2026-08-02,SLP-PREG-05,Bengaluru-Hub,303,0,Match,303
2026-08-02,SLP-PREG-05,FBA-Warehouse,707,0,Match,707
2026-08-02,SLP-SHR-03,Delhi-Hub,281,0,Match,281
2026-08-02,SLP-SHR-03,Mumbai-Hub,259,0,Match,259
2026-08-02,SLP-SHR-03,Bengaluru-Hub,286,0,Match,286
2026-08-02,SLP-SHR-03,FBA-Warehouse,802,0,Match,802
2026-08-02,SLP-TRV-07,Delhi-Hub,290,0,Match,290
2026-08-02,SLP-TRV-07,Mumbai-Hub,2500,0,Match,2500
2026-08-02,SLP-TRV-07,Bengaluru-Hub,283,0,Match,283
2026-08-02,SLP-TRV-07,FBA-Warehouse,782,0,Match,782
2026-08-03,SLP-BAM-01,Delhi-Hub,259,0,Match,259
2026-08-03,SLP-BAM-01,Mumbai-Hub,265,500,Match,265
2026-08-03,SLP-BAM-01,Bengaluru-Hub,278,0,Match,278
2026-08-03,SLP-BAM-01,FBA-Warehouse,665,0,Match,665
2026-08-03,SLP-COOL-09,Delhi-Hub,296,0,Match,296
2026-08-03,SLP-COOL-09,Mumbai-Hub,257,0,Match,257
2026-08-03,SLP-COOL-09,Bengaluru-Hub,272,0,Match,272
2026-08-03,SLP-COOL-09,FBA-Warehouse,784,500,Match,784
2026-08-03,SLP-GEL-02,Delhi-Hub,250,0,Match,250
2026-08-03,SLP-GEL-02,Mumbai-Hub,289,0,Match,289
2026-08-03,SLP-GEL-02,Bengaluru-Hub,249,0,Match,249
2026-08-03,SLP-GEL-02,FBA-Warehouse,736,0,Match,736
2026-08-03,SLP-KIDS-10,Delhi-Hub,296,200,Match,296
2026-08-03,SLP-KIDS-10,Mumbai-Hub,268,150,Match,268
2026-08-03,SLP-KIDS-10,Bengaluru-Hub,800,0,Match,800
2026-08-03,SLP-KIDS-10,FBA-Warehouse,708,0,Match,708
2026-08-03,SLP-KNEE-08,Delhi-Hub,284,0,Match,284
2026-08-03,SLP-KNEE-08,Mumbai-Hub,290,0,Match,290
2026-08-03,SLP-KNEE-08,Bengaluru-Hub,260,0,Match,260
2026-08-03,SLP-KNEE-08,FBA-Warehouse,661,0,Match,661
2026-08-03,SLP-LUM-06,Delhi-Hub,249,0,Match,249
2026-08-03,SLP-LUM-06,Mumbai-Hub,262,0,Match,262
2026-08-03,SLP-LUM-06,Bengaluru-Hub,297,0,Match,297
2026-08-03,SLP-LUM-06,FBA-Warehouse,795,0,Match,795
2026-08-03,SLP-MIC-04,Delhi-Hub,251,0,Match,251
2026-08-03,SLP-MIC-04,Mumbai-Hub,285,0,Match,285
2026-08-03,SLP-MIC-04,Bengaluru-Hub,274,0,Match,274
2026-08-03,SLP-MIC-04,FBA-Warehouse,682,0,Match,682
2026-08-03,SLP-PREG-05,Delhi-Hub,274,0,Match,274
2026-08-03,SLP-PREG-05,Mumbai-Hub,259,0,Match,259
2026-08-03,SLP-PREG-05,Bengaluru-Hub,279,0,Match,279
2026-08-03,SLP-PREG-05,FBA-Warehouse,681,0,Match,681
2026-08-03,SLP-SHR-03,Delhi-Hub,286,0,Match,286
2026-08-03,SLP-SHR-03,Mumbai-Hub,268,0,Match,268
2026-08-03,SLP-SHR-03,Bengaluru-Hub,251,0,Match,251
2026-08-03,SLP-SHR-03,FBA-Warehouse,748,0,Match,748
2026-08-03,SLP-TRV-07,Delhi-Hub,265,0,Match,265
2026-08-03,SLP-TRV-07,Mumbai-Hub,2500,0,Match,2500
2026-08-03,SLP-TRV-07,Bengaluru-Hub,270,0,Match,270
2026-08-03,SLP-TRV-07,FBA-Warehouse,752,0,Match,752
2026-08-04,SLP-BAM-01,Delhi-Hub,284,0,Match,284
2026-08-04,SLP-BAM-01,Mumbai-Hub,246,0,Match,246
2026-08-04,SLP-BAM-01,Bengaluru-Hub,247,0,Match,247
2026-08-04,SLP-BAM-01,FBA-Warehouse,690,0,Match,690
2026-08-04,SLP-COOL-09,Delhi-Hub,255,0,Match,255
2026-08-04,SLP-COOL-09,Mumbai-Hub,245,0,Match,245
2026-08-04,SLP-COOL-09,Bengaluru-Hub,290,0,Match,290
2026-08-04,SLP-COOL-09,FBA-Warehouse,695,0,Match,695
2026-08-04,SLP-GEL-02,Delhi-Hub,256,0,Match,256
2026-08-04,SLP-GEL-02,Mumbai-Hub,254,0,Match,254
2026-08-04,SLP-GEL-02,Bengaluru-Hub,289,0,Match,289
2026-08-04,SLP-GEL-02,FBA-Warehouse,679,0,Match,679
2026-08-04,SLP-KIDS-10,Delhi-Hub,257,0,Match,257
2026-08-04,SLP-KIDS-10,Mumbai-Hub,277,0,Match,277
2026-08-04,SLP-KIDS-10,Bengaluru-Hub,800,0,Match,800
2026-08-04,SLP-KIDS-10,FBA-Warehouse,694,0,Match,694
2026-08-04,SLP-KNEE-08,Delhi-Hub,275,0,Match,275
2026-08-04,SLP-KNEE-08,Mumbai-Hub,269,0,Match,269
2026-08-04,SLP-KNEE-08,Bengaluru-Hub,267,0,Match,267
2026-08-04,SLP-KNEE-08,FBA-Warehouse,663,0,Match,663
2026-08-04,SLP-LUM-06,Delhi-Hub,278,150,Match,278
2026-08-04,SLP-LUM-06,Mumbai-Hub,286,0,Match,286
2026-08-04,SLP-LUM-06,Bengaluru-Hub,251,0,Match,251
2026-08-04,SLP-LUM-06,FBA-Warehouse,769,0,Match,769
2026-08-04,SLP-MIC-04,Delhi-Hub,261,0,Match,261
2026-08-04,SLP-MIC-04,Mumbai-Hub,258,0,Match,258
2026-08-04,SLP-MIC-04,Bengaluru-Hub,275,0,Match,275
2026-08-04,SLP-MIC-04,FBA-Warehouse,772,0,Match,772
2026-08-04,SLP-PREG-05,Delhi-Hub,269,0,Match,269
2026-08-04,SLP-PREG-05,Mumbai-Hub,264,0,Match,264
2026-08-04,SLP-PREG-05,Bengaluru-Hub,290,0,Match,290
2026-08-04,SLP-PREG-05,FBA-Warehouse,676,200,Match,676
2026-08-04,SLP-SHR-03,Delhi-Hub,253,0,Match,253
2026-08-04,SLP-SHR-03,Mumbai-Hub,249,0,Match,249
2026-08-04,SLP-SHR-03,Bengaluru-Hub,282,0,Match,282
2026-08-04,SLP-SHR-03,FBA-Warehouse,636,0,Match,636
2026-08-04,SLP-TRV-07,Delhi-Hub,280,500,Match,280
2026-08-04,SLP-TRV-07,Mumbai-Hub,2500,0,Match,2500
2026-08-04,SLP-TRV-07,Bengaluru-Hub,274,0,Match,274
2026-08-04,SLP-TRV-07,FBA-Warehouse,672,0,Match,672
2026-08-05,SLP-BAM-01,Delhi-Hub,257,200,Match,257
2026-08-05,SLP-BAM-01,Mumbai-Hub,257,0,Match,257
2026-08-05,SLP-BAM-01,Bengaluru-Hub,276,0,Match,276
2026-08-05,SLP-BAM-01,FBA-Warehouse,633,0,Match,633
2026-08-05,SLP-COOL-09,Delhi-Hub,231,0,Match,231
2026-08-05,SLP-COOL-09,Mumbai-Hub,247,0,Match,247
2026-08-05,SLP-COOL-09,Bengaluru-Hub,236,0,Match,236
2026-08-05,SLP-COOL-09,FBA-Warehouse,661,0,Match,661
2026-08-05,SLP-GEL-02,Delhi-Hub,259,0,Match,259
2026-08-05,SLP-GEL-02,Mumbai-Hub,241,0,Match,241
2026-08-05,SLP-GEL-02,Bengaluru-Hub,270,200,Match,270
2026-08-05,SLP-GEL-02,FBA-Warehouse,624,0,Match,624
2026-08-05,SLP-KIDS-10,Delhi-Hub,249,0,Match,249
2026-08-05,SLP-KIDS-10,Mumbai-Hub,276,0,Match,276
2026-08-05,SLP-KIDS-10,Bengaluru-Hub,800,0,Match,800
2026-08-05,SLP-KIDS-10,FBA-Warehouse,711,0,Match,711
2026-08-05,SLP-KNEE-08,Delhi-Hub,266,0,Match,266
2026-08-05,SLP-KNEE-08,Mumbai-Hub,269,0,Match,269
2026-08-05,SLP-KNEE-08,Bengaluru-Hub,238,0,Match,238
2026-08-05,SLP-KNEE-08,FBA-Warehouse,724,0,Match,724
2026-08-05,SLP-LUM-06,Delhi-Hub,264,0,Match,264
2026-08-05,SLP-LUM-06,Mumbai-Hub,258,0,Match,258
2026-08-05,SLP-LUM-06,Bengaluru-Hub,275,0,Match,275
2026-08-05,SLP-LUM-06,FBA-Warehouse,692,0,Match,692
2026-08-05,SLP-MIC-04,Delhi-Hub,244,0,Match,244
2026-08-05,SLP-MIC-04,Mumbai-Hub,266,0,Match,266
2026-08-05,SLP-MIC-04,Bengaluru-Hub,258,150,Match,258
2026-08-05,SLP-MIC-04,FBA-Warehouse,622,0,Match,622
2026-08-05,SLP-PREG-05,Delhi-Hub,232,0,Match,232
2026-08-05,SLP-PREG-05,Mumbai-Hub,268,0,Match,268
2026-08-05,SLP-PREG-05,Bengaluru-Hub,247,0,Match,247
2026-08-05,SLP-PREG-05,FBA-Warehouse,723,0,Match,723
2026-08-05,SLP-SHR-03,Delhi-Hub,250,0,Match,250
2026-08-05,SLP-SHR-03,Mumbai-Hub,273,500,Match,273
2026-08-05,SLP-SHR-03,Bengaluru-Hub,273,0,Match,273
2026-08-05,SLP-SHR-03,FBA-Warehouse,642,0,Match,642
2026-08-05,SLP-TRV-07,Delhi-Hub,262,0,Match,262
2026-08-05,SLP-TRV-07,Mumbai-Hub,2500,0,Match,2500
2026-08-05,SLP-TRV-07,Bengaluru-Hub,260,0,Match,260
2026-08-05,SLP-TRV-07,FBA-Warehouse,613,0,Match,613
2026-08-06,SLP-BAM-01,Delhi-Hub,259,300,Match,259
2026-08-06,SLP-BAM-01,Mumbai-Hub,240,0,Match,240
2026-08-06,SLP-BAM-01,Bengaluru-Hub,236,0,Match,236
2026-08-06,SLP-BAM-01,FBA-Warehouse,595,0,Match,595
2026-08-06,SLP-COOL-09,Delhi-Hub,247,0,Match,247
2026-08-06,SLP-COOL-09,Mumbai-Hub,228,0,Match,228
2026-08-06,SLP-COOL-09,Bengaluru-Hub,246,0,Match,246
2026-08-06,SLP-COOL-09,FBA-Warehouse,619,0,Match,619
2026-08-06,SLP-GEL-02,Delhi-Hub,223,0,Match,223
2026-08-06,SLP-GEL-02,Mumbai-Hub,257,150,Match,257
2026-08-06,SLP-GEL-02,Bengaluru-Hub,240,0,Match,240
2026-08-06,SLP-GEL-02,FBA-Warehouse,648,300,Match,648
2026-08-06,SLP-KIDS-10,Delhi-Hub,250,0,Match,250
2026-08-06,SLP-KIDS-10,Mumbai-Hub,246,500,Match,246
2026-08-06,SLP-KIDS-10,Bengaluru-Hub,800,0,Match,800
2026-08-06,SLP-KIDS-10,FBA-Warehouse,619,0,Match,619
2026-08-06,SLP-KNEE-08,Delhi-Hub,235,0,Match,235
2026-08-06,SLP-KNEE-08,Mumbai-Hub,240,0,Match,240
2026-08-06,SLP-KNEE-08,Bengaluru-Hub,227,0,Match,227
2026-08-06,SLP-KNEE-08,FBA-Warehouse,601,300,Match,601
2026-08-06,SLP-LUM-06,Delhi-Hub,249,0,Match,249
2026-08-06,SLP-LUM-06,Mumbai-Hub,223,150,Match,223
2026-08-06,SLP-LUM-06,Bengaluru-Hub,241,0,Match,241
2026-08-06,SLP-LUM-06,FBA-Warehouse,601,0,Match,601
2026-08-06,SLP-MIC-04,Delhi-Hub,246,0,Match,246
2026-08-06,SLP-MIC-04,Mumbai-Hub,259,0,Match,259
2026-08-06,SLP-MIC-04,Bengaluru-Hub,227,0,Match,227
2026-08-06,SLP-MIC-04,FBA-Warehouse,608,0,Match,608
2026-08-06,SLP-PREG-05,Delhi-Hub,248,0,Match,248
2026-08-06,SLP-PREG-05,Mumbai-Hub,245,0,Match,245
2026-08-06,SLP-PREG-05,Bengaluru-Hub,253,0,Match,253
2026-08-06,SLP-PREG-05,FBA-Warehouse,616,0,Match,616
2026-08-06,SLP-SHR-03,Delhi-Hub,251,0,Match,251
2026-08-06,SLP-SHR-03,Mumbai-Hub,257,0,Match,257
2026-08-06,SLP-SHR-03,Bengaluru-Hub,233,0,Match,233
2026-08-06,SLP-SHR-03,FBA-Warehouse,599,0,Match,599
2026-08-06,SLP-TRV-07,Delhi-Hub,259,0,Match,259
2026-08-06,SLP-TRV-07,Mumbai-Hub,2500,0,Match,2500
2026-08-06,SLP-TRV-07,Bengaluru-Hub,237,0,Match,237
2026-08-06,SLP-TRV-07,FBA-Warehouse,711,0,Match,711
2026-08-07,SLP-BAM-01,Delhi-Hub,217,0,Match,217
2026-08-07,SLP-BAM-01,Mumbai-Hub,245,0,Match,245
2026-08-07,SLP-BAM-01,Bengaluru-Hub,233,0,Match,233
2026-08-07,SLP-BAM-01,FBA-Warehouse,612,0,Match,612
2026-08-07,SLP-COOL-09,Delhi-Hub,228,0,Match,228
2026-08-07,SLP-COOL-09,Mumbai-Hub,241,0,Match,241
2026-08-07,SLP-COOL-09,Bengaluru-Hub,214,0,Match,214
2026-08-07,SLP-COOL-09,FBA-Warehouse,607,0,Match,607
2026-08-07,SLP-GEL-02,Delhi-Hub,260,0,Match,260
2026-08-07,SLP-GEL-02,Mumbai-Hub,242,0,Match,242
2026-08-07,SLP-GEL-02,Bengaluru-Hub,260,0,Match,260
2026-08-07,SLP-GEL-02,FBA-Warehouse,624,200,Match,624
2026-08-07,SLP-KIDS-10,Delhi-Hub,220,0,Match,220
2026-08-07,SLP-KIDS-10,Mumbai-Hub,215,300,Match,215
2026-08-07,SLP-KIDS-10,Bengaluru-Hub,800,0,Match,800
2026-08-07,SLP-KIDS-10,FBA-Warehouse,672,0,Match,672
2026-08-07,SLP-KNEE-08,Delhi-Hub,222,0,Match,222
2026-08-07,SLP-KNEE-08,Mumbai-Hub,231,0,Match,231
2026-08-07,SLP-KNEE-08,Bengaluru-Hub,249,0,Match,249
2026-08-07,SLP-KNEE-08,FBA-Warehouse,676,0,Match,676
2026-08-07,SLP-LUM-06,Delhi-Hub,218,0,Match,218
2026-08-07,SLP-LUM-06,Mumbai-Hub,215,200,Match,215
2026-08-07,SLP-LUM-06,Bengaluru-Hub,258,0,Match,258
2026-08-07,SLP-LUM-06,FBA-Warehouse,685,0,Match,685
2026-08-07,SLP-MIC-04,Delhi-Hub,254,500,Match,254
2026-08-07,SLP-MIC-04,Mumbai-Hub,252,0,Match,252
2026-08-07,SLP-MIC-04,Bengaluru-Hub,213,0,Match,213
2026-08-07,SLP-MIC-04,FBA-Warehouse,656,300,Match,656
2026-08-07,SLP-PREG-05,Delhi-Hub,218,0,Match,218
2026-08-07,SLP-PREG-05,Mumbai-Hub,234,0,Match,234
2026-08-07,SLP-PREG-05,Bengaluru-Hub,214,0,Match,214
2026-08-07,SLP-PREG-05,FBA-Warehouse,595,300,Match,595
2026-08-07,SLP-SHR-03,Delhi-Hub,238,0,Match,238
2026-08-07,SLP-SHR-03,Mumbai-Hub,222,0,Match,222
2026-08-07,SLP-SHR-03,Bengaluru-Hub,238,150,Match,238
2026-08-07,SLP-SHR-03,FBA-Warehouse,601,0,Match,601
2026-08-07,SLP-TRV-07,Delhi-Hub,236,0,Match,236
2026-08-07,SLP-TRV-07,Mumbai-Hub,2500,0,Match,2500
2026-08-07,SLP-TRV-07,Bengaluru-Hub,247,0,Match,247
2026-08-07,SLP-TRV-07,FBA-Warehouse,586,500,Match,586
2026-08-08,SLP-BAM-01,Delhi-Hub,237,0,Match,237
2026-08-08,SLP-BAM-01,Mumbai-Hub,206,0,Match,206
2026-08-08,SLP-BAM-01,Bengaluru-Hub,231,0,Match,231
2026-08-08,SLP-BAM-01,FBA-Warehouse,627,0,Match,627
2026-08-08,SLP-COOL-09,Delhi-Hub,207,0,Match,207
2026-08-08,SLP-COOL-09,Mumbai-Hub,212,200,Match,212
2026-08-08,SLP-COOL-09,Bengaluru-Hub,218,0,Match,218
2026-08-08,SLP-COOL-09,FBA-Warehouse,643,0,Match,643
2026-08-08,SLP-GEL-02,Delhi-Hub,233,0,Match,233
2026-08-08,SLP-GEL-02,Mumbai-Hub,207,0,Match,207
2026-08-08,SLP-GEL-02,Bengaluru-Hub,235,0,Match,235
2026-08-08,SLP-GEL-02,FBA-Warehouse,548,0,Match,548
2026-08-08,SLP-KIDS-10,Delhi-Hub,222,0,Match,222
2026-08-08,SLP-KIDS-10,Mumbai-Hub,217,150,Match,217
2026-08-08,SLP-KIDS-10,Bengaluru-Hub,800,0,Match,800
2026-08-08,SLP-KIDS-10,FBA-Warehouse,650,0,Match,650
2026-08-08,SLP-KNEE-08,Delhi-Hub,235,0,Match,235
2026-08-08,SLP-KNEE-08,Mumbai-Hub,244,0,Match,244
2026-08-08,SLP-KNEE-08,Bengaluru-Hub,206,0,Match,206
2026-08-08,SLP-KNEE-08,FBA-Warehouse,652,0,Match,652
2026-08-08,SLP-LUM-06,Delhi-Hub,234,0,Match,234
2026-08-08,SLP-LUM-06,Mumbai-Hub,215,0,Match,215
2026-08-08,SLP-LUM-06,Bengaluru-Hub,222,0,Match,222
2026-08-08,SLP-LUM-06,FBA-Warehouse,665,0,Match,665
2026-08-08,SLP-MIC-04,Delhi-Hub,209,0,Match,209
2026-08-08,SLP-MIC-04,Mumbai-Hub,219,500,Match,219
2026-08-08,SLP-MIC-04,Bengaluru-Hub,244,0,Match,244
2026-08-08,SLP-MIC-04,FBA-Warehouse,611,0,Match,611
2026-08-08,SLP-PREG-05,Delhi-Hub,213,0,Match,213
2026-08-08,SLP-PREG-05,Mumbai-Hub,228,0,Match,228
2026-08-08,SLP-PREG-05,Bengaluru-Hub,226,150,Match,226
2026-08-08,SLP-PREG-05,FBA-Warehouse,659,0,Match,659
2026-08-08,SLP-SHR-03,Delhi-Hub,206,0,Match,206
2026-08-08,SLP-SHR-03,Mumbai-Hub,216,0,Match,216
2026-08-08,SLP-SHR-03,Bengaluru-Hub,229,0,Match,229
2026-08-08,SLP-SHR-03,FBA-Warehouse,587,500,Match,587
2026-08-08,SLP-TRV-07,Delhi-Hub,223,0,Match,223
2026-08-08,SLP-TRV-07,Mumbai-Hub,2500,0,Match,2500
2026-08-08,SLP-TRV-07,Bengaluru-Hub,212,0,Match,212
2026-08-08,SLP-TRV-07,FBA-Warehouse,589,300,Match,589
2026-08-09,SLP-BAM-01,Delhi-Hub,212,0,Match,212
2026-08-09,SLP-BAM-01,Mumbai-Hub,224,0,Match,224
2026-08-09,SLP-BAM-01,Bengaluru-Hub,207,0,Match,207
2026-08-09,SLP-BAM-01,FBA-Warehouse,639,0,Match,639
2026-08-09,SLP-COOL-09,Delhi-Hub,219,0,Match,219
2026-08-09,SLP-COOL-09,Mumbai-Hub,232,0,Match,232
2026-08-09,SLP-COOL-09,Bengaluru-Hub,224,0,Match,224
2026-08-09,SLP-COOL-09,FBA-Warehouse,628,0,Match,628
2026-08-09,SLP-GEL-02,Delhi-Hub,236,0,Match,236
2026-08-09,SLP-GEL-02,Mumbai-Hub,232,0,Match,232
2026-08-09,SLP-GEL-02,Bengaluru-Hub,198,0,Match,198
2026-08-09,SLP-GEL-02,FBA-Warehouse,590,0,Match,590
2026-08-09,SLP-KIDS-10,Delhi-Hub,209,0,Match,209
2026-08-09,SLP-KIDS-10,Mumbai-Hub,203,0,Match,203
2026-08-09,SLP-KIDS-10,Bengaluru-Hub,800,0,Match,800
2026-08-09,SLP-KIDS-10,FBA-Warehouse,630,0,Match,630
2026-08-09,SLP-KNEE-08,Delhi-Hub,225,0,Match,225
2026-08-09,SLP-KNEE-08,Mumbai-Hub,200,0,Match,200
2026-08-09,SLP-KNEE-08,Bengaluru-Hub,213,300,Match,213
2026-08-09,SLP-KNEE-08,FBA-Warehouse,637,0,Match,637
2026-08-09,SLP-LUM-06,Delhi-Hub,223,0,Match,223
2026-08-09,SLP-LUM-06,Mumbai-Hub,224,0,Match,224
2026-08-09,SLP-LUM-06,Bengaluru-Hub,207,0,Match,207
2026-08-09,SLP-LUM-06,FBA-Warehouse,553,0,Match,553
2026-08-09,SLP-MIC-04,Delhi-Hub,203,500,Match,203
2026-08-09,SLP-MIC-04,Mumbai-Hub,239,0,Match,239
2026-08-09,SLP-MIC-04,Bengaluru-Hub,236,0,Match,236
2026-08-09,SLP-MIC-04,FBA-Warehouse,564,0,Match,564
2026-08-09,SLP-PREG-05,Delhi-Hub,220,0,Match,220
2026-08-09,SLP-PREG-05,Mumbai-Hub,206,0,Match,206
2026-08-09,SLP-PREG-05,Bengaluru-Hub,203,500,Match,203
2026-08-09,SLP-PREG-05,FBA-Warehouse,588,0,Match,588
2026-08-09,SLP-SHR-03,Delhi-Hub,232,0,Match,232
2026-08-09,SLP-SHR-03,Mumbai-Hub,234,0,Match,234
2026-08-09,SLP-SHR-03,Bengaluru-Hub,210,0,Match,210
2026-08-09,SLP-SHR-03,FBA-Warehouse,607,200,Match,607
2026-08-09,SLP-TRV-07,Delhi-Hub,220,0,Match,220
2026-08-09,SLP-TRV-07,Mumbai-Hub,2500,0,Match,2500
2026-08-09,SLP-TRV-07,Bengaluru-Hub,203,500,Match,203
2026-08-09,SLP-TRV-07,FBA-Warehouse,641,0,Match,641
2026-08-10,SLP-BAM-01,Delhi-Hub,229,200,Match,229
2026-08-10,SLP-BAM-01,Mumbai-Hub,195,500,Match,195
2026-08-10,SLP-BAM-01,Bengaluru-Hub,228,0,Match,228
2026-08-10,SLP-BAM-01,FBA-Warehouse,606,0,Match,606
2026-08-10,SLP-COOL-09,Delhi-Hub,202,0,Match,202
2026-08-10,SLP-COOL-09,Mumbai-Hub,212,0,Match,212
2026-08-10,SLP-COOL-09,Bengaluru-Hub,228,0,Match,228
2026-08-10,SLP-COOL-09,FBA-Warehouse,517,0,Match,517
2026-08-10,SLP-GEL-02,Delhi-Hub,202,0,Match,202
2026-08-10,SLP-GEL-02,Mumbai-Hub,225,0,Match,225
2026-08-10,SLP-GEL-02,Bengaluru-Hub,219,0,Match,219
2026-08-10,SLP-GEL-02,FBA-Warehouse,589,0,Match,589
2026-08-10,SLP-KIDS-10,Delhi-Hub,225,0,Match,225
2026-08-10,SLP-KIDS-10,Mumbai-Hub,206,200,Match,206
2026-08-10,SLP-KIDS-10,Bengaluru-Hub,800,0,Match,800
2026-08-10,SLP-KIDS-10,FBA-Warehouse,550,500,Match,550
2026-08-10,SLP-KNEE-08,Delhi-Hub,207,0,Match,207
2026-08-10,SLP-KNEE-08,Mumbai-Hub,228,0,Match,228
2026-08-10,SLP-KNEE-08,Bengaluru-Hub,226,0,Match,226
2026-08-10,SLP-KNEE-08,FBA-Warehouse,608,0,Match,608
2026-08-10,SLP-LUM-06,Delhi-Hub,200,0,Match,200
2026-08-10,SLP-LUM-06,Mumbai-Hub,221,0,Match,221
2026-08-10,SLP-LUM-06,Bengaluru-Hub,193,0,Match,193
2026-08-10,SLP-LUM-06,FBA-Warehouse,524,0,Match,524
2026-08-10,SLP-MIC-04,Delhi-Hub,221,0,Match,221
2026-08-10,SLP-MIC-04,Mumbai-Hub,214,0,Match,214
2026-08-10,SLP-MIC-04,Bengaluru-Hub,200,0,Match,200
2026-08-10,SLP-MIC-04,FBA-Warehouse,567,0,Match,567
2026-08-10,SLP-PREG-05,Delhi-Hub,198,0,Match,198
2026-08-10,SLP-PREG-05,Mumbai-Hub,198,0,Match,198
2026-08-10,SLP-PREG-05,Bengaluru-Hub,217,0,Match,217
2026-08-10,SLP-PREG-05,FBA-Warehouse,544,0,Match,544
2026-08-10,SLP-SHR-03,Delhi-Hub,217,0,Match,217
2026-08-10,SLP-SHR-03,Mumbai-Hub,209,0,Match,209
2026-08-10,SLP-SHR-03,Bengaluru-Hub,210,0,Match,210
2026-08-10,SLP-SHR-03,FBA-Warehouse,571,200,Match,571
2026-08-10,SLP-TRV-07,Delhi-Hub,218,0,Match,218
2026-08-10,SLP-TRV-07,Mumbai-Hub,2500,500,Match,2500
2026-08-10,SLP-TRV-07,Bengaluru-Hub,204,0,Match,204
2026-08-10,SLP-TRV-07,FBA-Warehouse,599,0,Match,599
2026-08-11,SLP-BAM-01,Delhi-Hub,200,0,Match,200
2026-08-11,SLP-BAM-01,Mumbai-Hub,186,0,Match,186
2026-08-11,SLP-BAM-01,Bengaluru-Hub,188,0,Match,188
2026-08-11,SLP-BAM-01,FBA-Warehouse,485,0,Match,485
2026-08-11,SLP-COOL-09,Delhi-Hub,211,0,Match,211
2026-08-11,SLP-COOL-09,Mumbai-Hub,181,0,Match,181
2026-08-11,SLP-COOL-09,Bengaluru-Hub,191,0,Match,191
2026-08-11,SLP-COOL-09,FBA-Warehouse,526,0,Match,526
2026-08-11,SLP-GEL-02,Delhi-Hub,210,0,Match,210
2026-08-11,SLP-GEL-02,Mumbai-Hub,220,0,Match,220
2026-08-11,SLP-GEL-02,Bengaluru-Hub,211,0,Match,211
2026-08-11,SLP-GEL-02,FBA-Warehouse,489,0,Match,489
2026-08-11,SLP-KIDS-10,Delhi-Hub,218,0,Match,218
2026-08-11,SLP-KIDS-10,Mumbai-Hub,220,500,Match,220
2026-08-11,SLP-KIDS-10,Bengaluru-Hub,800,0,Match,800
2026-08-11,SLP-KIDS-10,FBA-Warehouse,575,0,Match,575
2026-08-11,SLP-KNEE-08,Delhi-Hub,200,0,Match,200
2026-08-11,SLP-KNEE-08,Mumbai-Hub,193,0,Match,193
2026-08-11,SLP-KNEE-08,Bengaluru-Hub,199,0,Match,199
2026-08-11,SLP-KNEE-08,FBA-Warehouse,508,0,Match,508
2026-08-11,SLP-LUM-06,Delhi-Hub,197,150,Match,197
2026-08-11,SLP-LUM-06,Mumbai-Hub,182,0,Match,182
2026-08-11,SLP-LUM-06,Bengaluru-Hub,210,0,Match,210
2026-08-11,SLP-LUM-06,FBA-Warehouse,523,0,Match,523
2026-08-11,SLP-MIC-04,Delhi-Hub,193,400,Match,193
2026-08-11,SLP-MIC-04,Mumbai-Hub,210,0,Match,210
2026-08-11,SLP-MIC-04,Bengaluru-Hub,204,0,Match,204
2026-08-11,SLP-MIC-04,FBA-Warehouse,538,500,Match,538
2026-08-11,SLP-PREG-05,Delhi-Hub,216,0,Match,216
2026-08-11,SLP-PREG-05,Mumbai-Hub,212,0,Match,212
2026-08-11,SLP-PREG-05,Bengaluru-Hub,201,0,Match,201
2026-08-11,SLP-PREG-05,FBA-Warehouse,530,0,Match,530
2026-08-11,SLP-SHR-03,Delhi-Hub,214,0,Match,214
2026-08-11,SLP-SHR-03,Mumbai-Hub,182,0,Match,182
2026-08-11,SLP-SHR-03,Bengaluru-Hub,220,500,Match,220
2026-08-11,SLP-SHR-03,FBA-Warehouse,538,300,Match,538
2026-08-11,SLP-TRV-07,Delhi-Hub,196,0,Match,196
2026-08-11,SLP-TRV-07,Mumbai-Hub,2500,0,Match,2500
2026-08-11,SLP-TRV-07,Bengaluru-Hub,210,0,Match,210
2026-08-11,SLP-TRV-07,FBA-Warehouse,542,0,Match,542
2026-08-12,SLP-BAM-01,Delhi-Hub,192,0,Match,192
2026-08-12,SLP-BAM-01,Mumbai-Hub,197,0,Match,197
2026-08-12,SLP-BAM-01,Bengaluru-Hub,174,0,Match,174
2026-08-12,SLP-BAM-01,FBA-Warehouse,490,0,Match,490
2026-08-12,SLP-COOL-09,Delhi-Hub,188,0,Match,188
2026-08-12,SLP-COOL-09,Mumbai-Hub,184,0,Match,184
2026-08-12,SLP-COOL-09,Bengaluru-Hub,204,0,Match,204
2026-08-12,SLP-COOL-09,FBA-Warehouse,508,0,Match,508
2026-08-12,SLP-GEL-02,Delhi-Hub,189,0,Match,189
2026-08-12,SLP-GEL-02,Mumbai-Hub,196,0,Match,196
2026-08-12,SLP-GEL-02,Bengaluru-Hub,174,500,Match,174
2026-08-12,SLP-GEL-02,FBA-Warehouse,513,0,Match,513
2026-08-12,SLP-KIDS-10,Delhi-Hub,178,0,Match,178
2026-08-12,SLP-KIDS-10,Mumbai-Hub,204,0,Match,204
2026-08-12,SLP-KIDS-10,Bengaluru-Hub,800,0,Match,800
2026-08-12,SLP-KIDS-10,FBA-Warehouse,507,0,Match,507
2026-08-12,SLP-KNEE-08,Delhi-Hub,200,150,Match,200
2026-08-12,SLP-KNEE-08,Mumbai-Hub,177,500,Match,177
2026-08-12,SLP-KNEE-08,Bengaluru-Hub,202,0,Match,202
2026-08-12,SLP-KNEE-08,FBA-Warehouse,556,0,Match,556
2026-08-12,SLP-LUM-06,Delhi-Hub,199,0,Match,199
2026-08-12,SLP-LUM-06,Mumbai-Hub,177,0,Match,177
2026-08-12,SLP-LUM-06,Bengaluru-Hub,188,500,Match,188
2026-08-12,SLP-LUM-06,FBA-Warehouse,506,0,Match,506
2026-08-12,SLP-MIC-04,Delhi-Hub,179,400,Match,179
2026-08-12,SLP-MIC-04,Mumbai-Hub,200,0,Match,200
2026-08-12,SLP-MIC-04,Bengaluru-Hub,180,0,Match,180
2026-08-12,SLP-MIC-04,FBA-Warehouse,486,0,Match,486
2026-08-12,SLP-PREG-05,Delhi-Hub,199,0,Match,199
2026-08-12,SLP-PREG-05,Mumbai-Hub,207,0,Match,207
2026-08-12,SLP-PREG-05,Bengaluru-Hub,203,0,Match,203
2026-08-12,SLP-PREG-05,FBA-Warehouse,534,0,Match,534
2026-08-12,SLP-SHR-03,Delhi-Hub,177,0,Match,177
2026-08-12,SLP-SHR-03,Mumbai-Hub,177,0,Match,177
2026-08-12,SLP-SHR-03,Bengaluru-Hub,190,0,Match,190
2026-08-12,SLP-SHR-03,FBA-Warehouse,497,0,Match,497
2026-08-12,SLP-TRV-07,Delhi-Hub,192,0,Match,192
2026-08-12,SLP-TRV-07,Mumbai-Hub,2500,0,Match,2500
2026-08-12,SLP-TRV-07,Bengaluru-Hub,187,0,Match,187
2026-08-12,SLP-TRV-07,FBA-Warehouse,541,0,Match,541
2026-08-13,SLP-BAM-01,Delhi-Hub,183,0,Match,183
2026-08-13,SLP-BAM-01,Mumbai-Hub,199,0,Match,199
2026-08-13,SLP-BAM-01,Bengaluru-Hub,178,200,Match,178
2026-08-13,SLP-BAM-01,FBA-Warehouse,476,0,Match,476
2026-08-13,SLP-COOL-09,Delhi-Hub,192,0,Match,192
2026-08-13,SLP-COOL-09,Mumbai-Hub,198,0,Match,198
2026-08-13,SLP-COOL-09,Bengaluru-Hub,185,0,Match,185
2026-08-13,SLP-COOL-09,FBA-Warehouse,503,200,Match,503
2026-08-13,SLP-GEL-02,Delhi-Hub,170,0,Match,170
2026-08-13,SLP-GEL-02,Mumbai-Hub,196,0,Match,196
2026-08-13,SLP-GEL-02,Bengaluru-Hub,171,0,Match,171
2026-08-13,SLP-GEL-02,FBA-Warehouse,508,0,Match,508
2026-08-13,SLP-KIDS-10,Delhi-Hub,180,0,Match,180
2026-08-13,SLP-KIDS-10,Mumbai-Hub,176,0,Match,176
2026-08-13,SLP-KIDS-10,Bengaluru-Hub,800,0,Match,800
2026-08-13,SLP-KIDS-10,FBA-Warehouse,514,0,Match,514
2026-08-13,SLP-KNEE-08,Delhi-Hub,181,0,Match,181
2026-08-13,SLP-KNEE-08,Mumbai-Hub,187,300,Match,187
2026-08-13,SLP-KNEE-08,Bengaluru-Hub,169,500,Match,169
2026-08-13,SLP-KNEE-08,FBA-Warehouse,452,0,Match,452
2026-08-13,SLP-LUM-06,Delhi-Hub,172,500,Match,172
2026-08-13,SLP-LUM-06,Mumbai-Hub,187,0,Match,187
2026-08-13,SLP-LUM-06,Bengaluru-Hub,173,0,Match,173
2026-08-13,SLP-LUM-06,FBA-Warehouse,483,0,Match,483
2026-08-13,SLP-MIC-04,Delhi-Hub,196,400,Match,196
2026-08-13,SLP-MIC-04,Mumbai-Hub,164,400,Match,164
2026-08-13,SLP-MIC-04,Bengaluru-Hub,173,400,Match,173
2026-08-13,SLP-MIC-04,FBA-Warehouse,485,0,Match,485
2026-08-13,SLP-PREG-05,Delhi-Hub,179,0,Match,179
2026-08-13,SLP-PREG-05,Mumbai-Hub,167,0,Match,167
2026-08-13,SLP-PREG-05,Bengaluru-Hub,186,0,Match,186
2026-08-13,SLP-PREG-05,FBA-Warehouse,463,0,Match,463
2026-08-13,SLP-SHR-03,Delhi-Hub,184,0,Match,184
2026-08-13,SLP-SHR-03,Mumbai-Hub,187,0,Match,187
2026-08-13,SLP-SHR-03,Bengaluru-Hub,185,0,Match,185
2026-08-13,SLP-SHR-03,FBA-Warehouse,519,0,Match,519
2026-08-13,SLP-TRV-07,Delhi-Hub,166,0,Match,166
2026-08-13,SLP-TRV-07,Mumbai-Hub,2500,0,Match,2500
2026-08-13,SLP-TRV-07,Bengaluru-Hub,170,300,Match,170
2026-08-13,SLP-TRV-07,FBA-Warehouse,502,0,Match,502
2026-08-14,SLP-BAM-01,Delhi-Hub,157,0,Match,157
2026-08-14,SLP-BAM-01,Mumbai-Hub,186,0,Match,186
2026-08-14,SLP-BAM-01,Bengaluru-Hub,179,0,Match,179
2026-08-14,SLP-BAM-01,FBA-Warehouse,495,0,Match,495
2026-08-14,SLP-COOL-09,Delhi-Hub,247,300,Match,247
2026-08-14,SLP-COOL-09,Mumbai-Hub,323,0,Match,323
2026-08-14,SLP-COOL-09,Bengaluru-Hub,299,150,Match,299
2026-08-14,SLP-COOL-09,FBA-Warehouse,545,0,Match,545
2026-08-14,SLP-GEL-02,Delhi-Hub,166,0,Match,166
2026-08-14,SLP-GEL-02,Mumbai-Hub,188,0,Match,188
2026-08-14,SLP-GEL-02,Bengaluru-Hub,158,150,Match,158
2026-08-14,SLP-GEL-02,FBA-Warehouse,456,0,Match,456
2026-08-14,SLP-KIDS-10,Delhi-Hub,162,300,Match,162
2026-08-14,SLP-KIDS-10,Mumbai-Hub,179,0,Match,179
2026-08-14,SLP-KIDS-10,Bengaluru-Hub,800,500,Match,800
2026-08-14,SLP-KIDS-10,FBA-Warehouse,474,0,Match,474
2026-08-14,SLP-KNEE-08,Delhi-Hub,180,200,Match,180
2026-08-14,SLP-KNEE-08,Mumbai-Hub,177,0,Match,177
2026-08-14,SLP-KNEE-08,Bengaluru-Hub,183,0,Match,183
2026-08-14,SLP-KNEE-08,FBA-Warehouse,434,0,Match,434
2026-08-14,SLP-LUM-06,Delhi-Hub,172,300,Match,172
2026-08-14,SLP-LUM-06,Mumbai-Hub,176,0,Match,176
2026-08-14,SLP-LUM-06,Bengaluru-Hub,189,200,Match,189
2026-08-14,SLP-LUM-06,FBA-Warehouse,426,0,Match,426
2026-08-14,SLP-MIC-04,Delhi-Hub,167,0,Match,167
2026-08-14,SLP-MIC-04,Mumbai-Hub,169,0,Match,169
2026-08-14,SLP-MIC-04,Bengaluru-Hub,171,400,Match,171
2026-08-14,SLP-MIC-04,FBA-Warehouse,444,300,Match,444
2026-08-14,SLP-PREG-05,Delhi-Hub,161,0,Match,161
2026-08-14,SLP-PREG-05,Mumbai-Hub,180,0,Match,180
2026-08-14,SLP-PREG-05,Bengaluru-Hub,166,0,Match,166
2026-08-14,SLP-PREG-05,FBA-Warehouse,466,0,Match,466
2026-08-14,SLP-SHR-03,Delhi-Hub,174,0,Match,174
2026-08-14,SLP-SHR-03,Mumbai-Hub,180,150,Match,180
2026-08-14,SLP-SHR-03,Bengaluru-Hub,177,0,Match,177
2026-08-14,SLP-SHR-03,FBA-Warehouse,427,0,Match,427
2026-08-14,SLP-TRV-07,Delhi-Hub,181,0,Match,181
2026-08-14,SLP-TRV-07,Mumbai-Hub,2500,0,Match,2500
2026-08-14,SLP-TRV-07,Bengaluru-Hub,178,0,Match,178
2026-08-14,SLP-TRV-07,FBA-Warehouse,509,0,Match,509
2026-08-15,SLP-BAM-01,Delhi-Hub,164,0,Match,164
2026-08-15,SLP-BAM-01,Mumbai-Hub,171,0,Match,171
2026-08-15,SLP-BAM-01,Bengaluru-Hub,179,0,Match,179
2026-08-15,SLP-BAM-01,FBA-Warehouse,482,300,Match,482
2026-08-15,SLP-COOL-09,Delhi-Hub,374,0,Match,374
2026-08-15,SLP-COOL-09,Mumbai-Hub,261,0,Match,261
2026-08-15,SLP-COOL-09,Bengaluru-Hub,275,0,Match,275
2026-08-15,SLP-COOL-09,FBA-Warehouse,613,0,Match,613
2026-08-15,SLP-GEL-02,Delhi-Hub,157,0,Match,157
2026-08-15,SLP-GEL-02,Mumbai-Hub,168,0,Match,168
2026-08-15,SLP-GEL-02,Bengaluru-Hub,158,0,Match,158
2026-08-15,SLP-GEL-02,FBA-Warehouse,442,0,Match,442
2026-08-15,SLP-KIDS-10,Delhi-Hub,181,0,Match,181
2026-08-15,SLP-KIDS-10,Mumbai-Hub,160,0,Match,160
2026-08-15,SLP-KIDS-10,Bengaluru-Hub,800,0,Match,800
2026-08-15,SLP-KIDS-10,FBA-Warehouse,407,200,Match,407
2026-08-15,SLP-KNEE-08,Delhi-Hub,167,0,Match,167
2026-08-15,SLP-KNEE-08,Mumbai-Hub,165,0,Match,165
2026-08-15,SLP-KNEE-08,Bengaluru-Hub,169,0,Match,169
2026-08-15,SLP-KNEE-08,FBA-Warehouse,439,0,Match,439
2026-08-15,SLP-LUM-06,Delhi-Hub,154,0,Match,154
2026-08-15,SLP-LUM-06,Mumbai-Hub,168,0,Match,168
2026-08-15,SLP-LUM-06,Bengaluru-Hub,171,0,Match,171
2026-08-15,SLP-LUM-06,FBA-Warehouse,482,0,Match,482
2026-08-15,SLP-MIC-04,Delhi-Hub,148,0,Match,148
2026-08-15,SLP-MIC-04,Mumbai-Hub,169,0,Match,169
2026-08-15,SLP-MIC-04,Bengaluru-Hub,176,400,Match,176
2026-08-15,SLP-MIC-04,FBA-Warehouse,483,0,Match,483
2026-08-15,SLP-PREG-05,Delhi-Hub,162,0,Match,162
2026-08-15,SLP-PREG-05,Mumbai-Hub,159,0,Match,159
2026-08-15,SLP-PREG-05,Bengaluru-Hub,166,0,Match,166
2026-08-15,SLP-PREG-05,FBA-Warehouse,452,0,Match,452
2026-08-15,SLP-SHR-03,Delhi-Hub,148,0,Match,148
2026-08-15,SLP-SHR-03,Mumbai-Hub,157,0,Match,157
2026-08-15,SLP-SHR-03,Bengaluru-Hub,174,0,Match,174
2026-08-15,SLP-SHR-03,FBA-Warehouse,423,0,Match,423
2026-08-15,SLP-TRV-07,Delhi-Hub,165,500,Match,165
2026-08-15,SLP-TRV-07,Mumbai-Hub,2500,0,Match,2500
2026-08-15,SLP-TRV-07,Bengaluru-Hub,159,0,Match,159
2026-08-15,SLP-TRV-07,FBA-Warehouse,396,0,Match,396
2026-08-16,SLP-BAM-01,Delhi-Hub,161,0,Match,161
2026-08-16,SLP-BAM-01,Mumbai-Hub,151,0,Match,151
2026-08-16,SLP-BAM-01,Bengaluru-Hub,163,300,Match,163
2026-08-16,SLP-BAM-01,FBA-Warehouse,425,0,Match,425
2026-08-16,SLP-COOL-09,Delhi-Hub,357,0,Match,357
2026-08-16,SLP-COOL-09,Mumbai-Hub,231,200,Match,231
2026-08-16,SLP-COOL-09,Bengaluru-Hub,398,0,Match,398
2026-08-16,SLP-COOL-09,FBA-Warehouse,535,0,Match,535
2026-08-16,SLP-GEL-02,Delhi-Hub,141,500,Match,141
2026-08-16,SLP-GEL-02,Mumbai-Hub,145,0,Match,145
2026-08-16,SLP-GEL-02,Bengaluru-Hub,150,0,Match,150
2026-08-16,SLP-GEL-02,FBA-Warehouse,402,0,Match,402
2026-08-16,SLP-KIDS-10,Delhi-Hub,161,150,Match,161
2026-08-16,SLP-KIDS-10,Mumbai-Hub,168,0,Match,168
2026-08-16,SLP-KIDS-10,Bengaluru-Hub,800,0,Match,800
2026-08-16,SLP-KIDS-10,FBA-Warehouse,440,0,Match,440
2026-08-16,SLP-KNEE-08,Delhi-Hub,160,0,Match,160
2026-08-16,SLP-KNEE-08,Mumbai-Hub,155,0,Match,155
2026-08-16,SLP-KNEE-08,Bengaluru-Hub,159,0,Match,159
2026-08-16,SLP-KNEE-08,FBA-Warehouse,448,0,Match,448
2026-08-16,SLP-LUM-06,Delhi-Hub,157,0,Match,157
2026-08-16,SLP-LUM-06,Mumbai-Hub,150,0,Match,150
2026-08-16,SLP-LUM-06,Bengaluru-Hub,164,0,Match,164
2026-08-16,SLP-LUM-06,FBA-Warehouse,408,0,Match,408
2026-08-16,SLP-MIC-04,Delhi-Hub,163,400,Match,163
2026-08-16,SLP-MIC-04,Mumbai-Hub,149,400,Match,149
2026-08-16,SLP-MIC-04,Bengaluru-Hub,150,400,Match,150
2026-08-16,SLP-MIC-04,FBA-Warehouse,391,150,Match,391
2026-08-16,SLP-PREG-05,Delhi-Hub,161,0,Match,161
2026-08-16,SLP-PREG-05,Mumbai-Hub,165,0,Match,165
2026-08-16,SLP-PREG-05,Bengaluru-Hub,168,200,Match,168
2026-08-16,SLP-PREG-05,FBA-Warehouse,403,0,Match,403
2026-08-16,SLP-SHR-03,Delhi-Hub,170,0,Match,170
2026-08-16,SLP-SHR-03,Mumbai-Hub,149,0,Match,149
2026-08-16,SLP-SHR-03,Bengaluru-Hub,171,0,Match,171
2026-08-16,SLP-SHR-03,FBA-Warehouse,426,0,Match,426
2026-08-16,SLP-TRV-07,Delhi-Hub,166,500,Match,166
2026-08-16,SLP-TRV-07,Mumbai-Hub,2500,0,Match,2500
2026-08-16,SLP-TRV-07,Bengaluru-Hub,158,0,Match,158
2026-08-16,SLP-TRV-07,FBA-Warehouse,406,0,Match,406
2026-08-17,SLP-BAM-01,Delhi-Hub,149,300,Match,149
2026-08-17,SLP-BAM-01,Mumbai-Hub,154,300,Match,154
2026-08-17,SLP-BAM-01,Bengaluru-Hub,153,0,Match,153
2026-08-17,SLP-BAM-01,FBA-Warehouse,377,0,Match,377
2026-08-17,SLP-COOL-09,Delhi-Hub,262,0,Match,262
2026-08-17,SLP-COOL-09,Mumbai-Hub,272,0,Match,272
2026-08-17,SLP-COOL-09,Bengaluru-Hub,371,0,Match,371
2026-08-17,SLP-COOL-09,FBA-Warehouse,736,0,Match,736
2026-08-17,SLP-GEL-02,Delhi-Hub,133,0,Match,133
2026-08-17,SLP-GEL-02,Mumbai-Hub,144,0,Match,144
2026-08-17,SLP-GEL-02,Bengaluru-Hub,146,0,Match,146
2026-08-17,SLP-GEL-02,FBA-Warehouse,371,0,Match,371
2026-08-17,SLP-KIDS-10,Delhi-Hub,145,0,Match,145
2026-08-17,SLP-KIDS-10,Mumbai-Hub,160,0,Match,160
2026-08-17,SLP-KIDS-10,Bengaluru-Hub,800,0,Match,800
2026-08-17,SLP-KIDS-10,FBA-Warehouse,369,0,Match,369
2026-08-17,SLP-KNEE-08,Delhi-Hub,141,0,Match,141
2026-08-17,SLP-KNEE-08,Mumbai-Hub,135,0,Match,135
2026-08-17,SLP-KNEE-08,Bengaluru-Hub,155,200,Match,155
2026-08-17,SLP-KNEE-08,FBA-Warehouse,413,0,Match,413
2026-08-17,SLP-LUM-06,Delhi-Hub,159,0,Match,159
2026-08-17,SLP-LUM-06,Mumbai-Hub,145,0,Match,145
2026-08-17,SLP-LUM-06,Bengaluru-Hub,133,150,Match,133
2026-08-17,SLP-LUM-06,FBA-Warehouse,390,0,Match,390
2026-08-17,SLP-MIC-04,Delhi-Hub,147,0,Match,147
2026-08-17,SLP-MIC-04,Mumbai-Hub,159,400,Match,159
2026-08-17,SLP-MIC-04,Bengaluru-Hub,147,400,Match,147
2026-08-17,SLP-MIC-04,FBA-Warehouse,364,0,Match,364
2026-08-17,SLP-PREG-05,Delhi-Hub,157,0,Match,157
2026-08-17,SLP-PREG-05,Mumbai-Hub,156,500,Match,156
2026-08-17,SLP-PREG-05,Bengaluru-Hub,159,0,Match,159
2026-08-17,SLP-PREG-05,FBA-Warehouse,405,0,Match,405
2026-08-17,SLP-SHR-03,Delhi-Hub,136,300,Match,136
2026-08-17,SLP-SHR-03,Mumbai-Hub,145,300,Match,145
2026-08-17,SLP-SHR-03,Bengaluru-Hub,147,0,Match,147
2026-08-17,SLP-SHR-03,FBA-Warehouse,425,0,Match,425
2026-08-17,SLP-TRV-07,Delhi-Hub,152,0,Match,152
2026-08-17,SLP-TRV-07,Mumbai-Hub,2500,0,Match,2500
2026-08-17,SLP-TRV-07,Bengaluru-Hub,149,0,Match,149
2026-08-17,SLP-TRV-07,FBA-Warehouse,359,0,Match,359
2026-08-18,SLP-BAM-01,Delhi-Hub,137,0,Match,137
2026-08-18,SLP-BAM-01,Mumbai-Hub,138,300,Match,138
2026-08-18,SLP-BAM-01,Bengaluru-Hub,132,300,Match,132
2026-08-18,SLP-BAM-01,FBA-Warehouse,354,0,Match,354
2026-08-18,SLP-COOL-09,Delhi-Hub,296,0,Match,296
2026-08-18,SLP-COOL-09,Mumbai-Hub,231,0,Match,231
2026-08-18,SLP-COOL-09,Bengaluru-Hub,310,300,Match,310
2026-08-18,SLP-COOL-09,FBA-Warehouse,509,0,Match,509
2026-08-18,SLP-GEL-02,Delhi-Hub,150,0,Mismatch,120
2026-08-18,SLP-GEL-02,Mumbai-Hub,133,0,Match,133
2026-08-18,SLP-GEL-02,Bengaluru-Hub,129,0,Match,129
2026-08-18,SLP-GEL-02,FBA-Warehouse,351,500,Match,351
2026-08-18,SLP-KIDS-10,Delhi-Hub,133,0,Match,133
2026-08-18,SLP-KIDS-10,Mumbai-Hub,136,0,Match,136
2026-08-18,SLP-KIDS-10,Bengaluru-Hub,800,0,Match,800
2026-08-18,SLP-KIDS-10,FBA-Warehouse,339,0,Match,339
2026-08-18,SLP-KNEE-08,Delhi-Hub,128,0,Match,128
2026-08-18,SLP-KNEE-08,Mumbai-Hub,131,0,Match,131
2026-08-18,SLP-KNEE-08,Bengaluru-Hub,124,0,Match,124
2026-08-18,SLP-KNEE-08,FBA-Warehouse,377,0,Match,377
2026-08-18,SLP-LUM-06,Delhi-Hub,138,0,Match,138
2026-08-18,SLP-LUM-06,Mumbai-Hub,129,0,Match,129
2026-08-18,SLP-LUM-06,Bengaluru-Hub,133,0,Match,133
2026-08-18,SLP-LUM-06,FBA-Warehouse,354,0,Match,354
2026-08-18,SLP-MIC-04,Delhi-Hub,128,400,Match,128
2026-08-18,SLP-MIC-04,Mumbai-Hub,132,0,Match,132
2026-08-18,SLP-MIC-04,Bengaluru-Hub,126,400,Match,126
2026-08-18,SLP-MIC-04,FBA-Warehouse,356,0,Match,356
2026-08-18,SLP-PREG-05,Delhi-Hub,136,0,Match,136
2026-08-18,SLP-PREG-05,Mumbai-Hub,127,0,Match,127
2026-08-18,SLP-PREG-05,Bengaluru-Hub,137,0,Match,137
2026-08-18,SLP-PREG-05,FBA-Warehouse,380,0,Match,380
2026-08-18,SLP-SHR-03,Delhi-Hub,127,0,Match,127
2026-08-18,SLP-SHR-03,Mumbai-Hub,135,0,Match,135
2026-08-18,SLP-SHR-03,Bengaluru-Hub,140,300,Match,140
2026-08-18,SLP-SHR-03,FBA-Warehouse,392,0,Match,392
2026-08-18,SLP-TRV-07,Delhi-Hub,143,0,Match,143
2026-08-18,SLP-TRV-07,Mumbai-Hub,2500,0,Match,2500
2026-08-18,SLP-TRV-07,Bengaluru-Hub,141,0,Match,141
2026-08-18,SLP-TRV-07,FBA-Warehouse,354,0,Match,354
2026-08-19,SLP-BAM-01,Delhi-Hub,137,300,Match,137
2026-08-19,SLP-BAM-01,Mumbai-Hub,133,300,Match,133
2026-08-19,SLP-BAM-01,Bengaluru-Hub,141,300,Match,141
2026-08-19,SLP-BAM-01,FBA-Warehouse,15,0,Match,15
2026-08-19,SLP-COOL-09,Delhi-Hub,228,0,Match,228
2026-08-19,SLP-COOL-09,Mumbai-Hub,347,0,Match,347
2026-08-19,SLP-COOL-09,Bengaluru-Hub,347,0,Match,347
2026-08-19,SLP-COOL-09,FBA-Warehouse,703,0,Match,703
2026-08-19,SLP-GEL-02,Delhi-Hub,119,240,Match,119
2026-08-19,SLP-GEL-02,Mumbai-Hub,139,150,Match,139
2026-08-19,SLP-GEL-02,Bengaluru-Hub,128,0,Match,128
2026-08-19,SLP-GEL-02,FBA-Warehouse,340,0,Match,340
2026-08-19,SLP-KIDS-10,Delhi-Hub,133,0,Match,133
2026-08-19,SLP-KIDS-10,Mumbai-Hub,134,0,Match,134
2026-08-19,SLP-KIDS-10,Bengaluru-Hub,800,0,Match,800
2026-08-19,SLP-KIDS-10,FBA-Warehouse,341,0,Match,341
2026-08-19,SLP-KNEE-08,Delhi-Hub,122,0,Match,122
2026-08-19,SLP-KNEE-08,Mumbai-Hub,121,0,Match,121
2026-08-19,SLP-KNEE-08,Bengaluru-Hub,138,0,Match,138
2026-08-19,SLP-KNEE-08,FBA-Warehouse,352,0,Match,352
2026-08-19,SLP-LUM-06,Delhi-Hub,139,0,Match,139
2026-08-19,SLP-LUM-06,Mumbai-Hub,126,0,Match,126
2026-08-19,SLP-LUM-06,Bengaluru-Hub,134,0,Match,134
2026-08-19,SLP-LUM-06,FBA-Warehouse,355,300,Match,355
2026-08-19,SLP-MIC-04,Delhi-Hub,136,400,Match,136
2026-08-19,SLP-MIC-04,Mumbai-Hub,127,0,Match,127
2026-08-19,SLP-MIC-04,Bengaluru-Hub,128,0,Match,128
2026-08-19,SLP-MIC-04,FBA-Warehouse,341,0,Match,341
2026-08-19,SLP-PREG-05,Delhi-Hub,120,0,Match,120
2026-08-19,SLP-PREG-05,Mumbai-Hub,135,0,Match,135
2026-08-19,SLP-PREG-05,Bengaluru-Hub,131,0,Match,131
2026-08-19,SLP-PREG-05,FBA-Warehouse,318,0,Match,318
2026-08-19,SLP-SHR-03,Delhi-Hub,118,300,Match,118
2026-08-19,SLP-SHR-03,Mumbai-Hub,136,0,Match,136
2026-08-19,SLP-SHR-03,Bengaluru-Hub,132,300,Match,132
2026-08-19,SLP-SHR-03,FBA-Warehouse,346,0,Match,346
2026-08-19,SLP-TRV-07,Delhi-Hub,126,0,Match,126
2026-08-19,SLP-TRV-07,Mumbai-Hub,2500,0,Match,2500
2026-08-19,SLP-TRV-07,Bengaluru-Hub,126,0,Match,126
2026-08-19,SLP-TRV-07,FBA-Warehouse,352,200,Match,352
2026-08-20,SLP-BAM-01,Delhi-Hub,121,300,Match,121
2026-08-20,SLP-BAM-01,Mumbai-Hub,117,0,Match,117
2026-08-20,SLP-BAM-01,Bengaluru-Hub,127,300,Match,127
2026-08-20,SLP-BAM-01,FBA-Warehouse,338,0,Match,338
2026-08-20,SLP-COOL-09,Delhi-Hub,365,0,Match,365
2026-08-20,SLP-COOL-09,Mumbai-Hub,281,0,Match,281
2026-08-20,SLP-COOL-09,Bengaluru-Hub,273,0,Match,273
2026-08-20,SLP-COOL-09,FBA-Warehouse,599,0,Match,599
2026-08-20,SLP-GEL-02,Delhi-Hub,118,240,Match,118
2026-08-20,SLP-GEL-02,Mumbai-Hub,121,0,Match,121
2026-08-20,SLP-GEL-02,Bengaluru-Hub,113,240,Match,113
2026-08-20,SLP-GEL-02,FBA-Warehouse,292,0,Match,292
2026-08-20,SLP-KIDS-10,Delhi-Hub,130,0,Match,130
2026-08-20,SLP-KIDS-10,Mumbai-Hub,121,0,Match,121
2026-08-20,SLP-KIDS-10,Bengaluru-Hub,800,500,Match,800
2026-08-20,SLP-KIDS-10,FBA-Warehouse,319,0,Match,319
2026-08-20,SLP-KNEE-08,Delhi-Hub,122,0,Match,122
2026-08-20,SLP-KNEE-08,Mumbai-Hub,119,0,Match,119
2026-08-20,SLP-KNEE-08,Bengaluru-Hub,121,200,Match,121
2026-08-20,SLP-KNEE-08,FBA-Warehouse,340,0,Match,340
2026-08-20,SLP-LUM-06,Delhi-Hub,112,0,Match,112
2026-08-20,SLP-LUM-06,Mumbai-Hub,130,0,Match,130
2026-08-20,SLP-LUM-06,Bengaluru-Hub,109,0,Match,109
2026-08-20,SLP-LUM-06,FBA-Warehouse,340,0,Match,340
2026-08-20,SLP-MIC-04,Delhi-Hub,126,0,Match,126
2026-08-20,SLP-MIC-04,Mumbai-Hub,119,400,Match,119
2026-08-20,SLP-MIC-04,Bengaluru-Hub,110,400,Match,110
2026-08-20,SLP-MIC-04,FBA-Warehouse,344,0,Match,344
2026-08-20,SLP-PREG-05,Delhi-Hub,129,0,Match,129
2026-08-20,SLP-PREG-05,Mumbai-Hub,123,0,Match,123
2026-08-20,SLP-PREG-05,Bengaluru-Hub,108,0,Match,108
2026-08-20,SLP-PREG-05,FBA-Warehouse,297,0,Match,297
2026-08-20,SLP-SHR-03,Delhi-Hub,111,300,Match,111
2026-08-20,SLP-SHR-03,Mumbai-Hub,117,300,Match,117
2026-08-20,SLP-SHR-03,Bengaluru-Hub,112,300,Match,112
2026-08-20,SLP-SHR-03,FBA-Warehouse,308,0,Match,308
2026-08-20,SLP-TRV-07,Delhi-Hub,121,300,Match,121
2026-08-20,SLP-TRV-07,Mumbai-Hub,2500,0,Match,2500
2026-08-20,SLP-TRV-07,Bengaluru-Hub,129,0,Match,129
2026-08-20,SLP-TRV-07,FBA-Warehouse,307,0,Match,307
2026-08-21,SLP-BAM-01,Delhi-Hub,420,100,Match,420
2026-08-21,SLP-GEL-02,Bengaluru-Hub,310,50,Match,310
2026-08-21,SLP-COOL-09,Mumbai-Hub,180,0,Discrepancy - Missing 5 Units,175
2026-08-21,SLP-PREG-05,FBA-Warehouse,520,200,Match,520
