date,sku,channel,selling_price,units_sold,gross_revenue,ad_spend,sessions,page_views,ad_revenue
2026-08-01,SLP-BAM-01,Amazon,1404,163,230459,25419.84,1116,1565,72060.57
2026-08-01,SLP-BAM-01,Blinkit,1420,34,48280,6566.57,126,176,28502.9
2026-08-01,SLP-BAM-01,Flipkart,1496,174,262412,35056.88,968,1332,116298.12
2026-08-01,SLP-BAM-01,Instamart,1420,17,24140,3795.08,75,103,14219.67
2026-08-01,SLP-BAM-01,Retail-B2B,1378,65,93136,3162.42,471,663,19521.19
2026-08-01,SLP-BAM-01,Shopify,1366,97,134092,16014.61,541,731,40752.31
2026-08-01,SLP-BAM-01,Zepto,1420,10,14200,2445.97,40,52,8654.23
2026-08-01,SLP-COOL-09,Amazon,1593,120,194829,29748.99,636,781,89392.5
2026-08-01,SLP-COOL-09,Blinkit,1540,31,47740,6840.87,121,151,29353.84
2026-08-01,SLP-COOL-09,Flipkart,1587,87,140464,20332.21,629,863,69694.34
2026-08-01,SLP-COOL-09,Instamart,1540,16,24640,3864.61,58,76,14887.41
2026-08-01,SLP-COOL-09,Retail-B2B,1533,32,51806,2126.9,187,240,12139.18
2026-08-01,SLP-COOL-09,Shopify,1510,47,72897,10451.29,304,453,37568.18
2026-08-01,SLP-COOL-09,Zepto,1540,9,13860,2301.28,35,50,8022.95
2026-08-01,SLP-GEL-02,Amazon,1488,264,395106,39307.79,1739,2277,114659.27
2026-08-01,SLP-GEL-02,Blinkit,1430,39,55770,7810.31,144,198,33389.12
2026-08-01,SLP-GEL-02,Flipkart,1474,187,277530,28686.71,1399,1947,88044.77
2026-08-01,SLP-GEL-02,Instamart,1430,22,31460,5075.88,92,130,19354.25
2026-08-01,SLP-GEL-02,Retail-B2B,1416,80,113934,3029.83,568,813,28024.24
2026-08-01,SLP-GEL-02,Shopify,1444,93,137102,15053.94,624,862,58785.36
2026-08-01,SLP-GEL-02,Zepto,1430,11,15730,2636.14,40,57,9226.81
2026-08-01,SLP-KIDS-10,Amazon,732,102,75390,8505.03,566,839,24678.29
2026-08-01,SLP-KIDS-10,Blinkit,710,18,12780,1759.19,77,96,7781.89
2026-08-01,SLP-KIDS-10,Flipkart,730,69,51688,6621.11,454,667,19162.24
2026-08-01,SLP-KIDS-10,Instamart,710,10,7100,1117.53,38,49,4127.39
2026-08-01,SLP-KIDS-10,Retail-B2B,720,27,20854,765.23,215,290,4595.53
2026-08-01,SLP-KIDS-10,Shopify,684,35,25316,3390.94,268,358,10489.7
2026-08-01,SLP-KIDS-10,Zepto,710,5,3550,596.2,20,25,2104.1
2026-08-01,SLP-KNEE-08,Amazon,891,136,123310,12334.1,960,1273,42443.72
2026-08-01,SLP-KNEE-08,Blinkit,850,26,22100,3130.78,95,136,13643.39
2026-08-01,SLP-KNEE-08,Flipkart,898,108,98267,13322.4,616,857,44036.6
2026-08-01,SLP-KNEE-08,Instamart,850,13,11050,1814.98,49,67,7052.67
2026-08-01,SLP-KNEE-08,Retail-B2B,889,43,38627,1572.27,265,393,8865.55
2026-08-01,SLP-KNEE-08,Shopify,894,56,51790,8033.52,427,622,26459.78
2026-08-01,SLP-KNEE-08,Zepto,850,7,5950,1013.89,28,35,3607.94
2026-08-01,SLP-LUM-06,Amazon,1140,185,212809,26455.75,1351,1974,73228.93
2026-08-01,SLP-LUM-06,Blinkit,910,28,25480,3480.03,121,165,14941.62
2026-08-01,SLP-LUM-06,Flipkart,1152,127,148309,13829.27,646,955,41297.44
2026-08-01,SLP-LUM-06,Instamart,910,14,12740,2089.1,52,67,7918.98
2026-08-01,SLP-LUM-06,Retail-B2B,1140,59,69712,2249.67,350,426,17120.9
2026-08-01,SLP-LUM-06,Shopify,1212,74,91669,12013.54,519,706,32788.06
2026-08-01,SLP-LUM-06,Zepto,910,8,7280,1201.92,35,49,4315.03
2026-08-01,SLP-MIC-04,Amazon,912,272,249500,24583.97,1407,2009,79381.29
2026-08-01,SLP-MIC-04,Blinkit,860,44,37840,5370.62,196,259,23682.09
2026-08-01,SLP-MIC-04,Flipkart,957,136,132444,16783.81,757,979,60336.06
2026-08-01,SLP-MIC-04,Instamart,860,22,18920,2984.11,96,127,11397.17
2026-08-01,SLP-MIC-04,Retail-B2B,900,65,59380,2389.11,399,540,11963.25
2026-08-01,SLP-MIC-04,Shopify,923,76,71295,8751.29,434,634,29095.46
2026-08-01,SLP-MIC-04,Zepto,860,12,10320,1707.87,53,67,6113.12
2026-08-01,SLP-PREG-05,Amazon,2469,204,508580,58089.39,1141,1444,196485.22
2026-08-01,SLP-PREG-05,Blinkit,2380,22,52360,7475.28,95,129,33125.13
2026-08-01,SLP-PREG-05,Flipkart,2440,150,369101,39317.74,1103,1512,106097.65
2026-08-01,SLP-PREG-05,Instamart,2380,11,26180,4313.85,39,49,16402.0
2026-08-01,SLP-PREG-05,Retail-B2B,2381,65,157097,4850.39,460,578,28557.95
2026-08-01,SLP-PREG-05,Shopify,2482,81,203703,21885.29,583,711,84436.29
2026-08-01,SLP-PREG-05,Zepto,2380,6,14280,2364.85,25,31,8406.39
2026-08-01,SLP-SHR-03,Amazon,1237,258,320495,38309.41,1757,2463,122610.68
2026-08-01,SLP-SHR-03,Blinkit,1190,32,38080,5185.92,121,153,22445.52
2026-08-01,SLP-SHR-03,Flipkart,1226,164,203213,24269.14,926,1367,70812.93
2026-08-01,SLP-SHR-03,Instamart,1190,16,19040,3069.7,62,78,11869.28
2026-08-01,SLP-SHR-03,Retail-B2B,1194,77,94151,3300.87,499,606,15772.58
2026-08-01,SLP-SHR-03,Shopify,1127,81,94308,11150.12,595,758,33550.2
2026-08-01,SLP-SHR-03,Zepto,1190,9,10710,1826.14,39,52,6301.39
2026-08-01,SLP-TRV-07,Amazon,585,201,118618,18198.97,1435,1793,70785.81
2026-08-01,SLP-TRV-07,Blinkit,620,36,22320,3049.99,148,195,13241.18
2026-08-01,SLP-TRV-07,Flipkart,632,124,79329,9637.41,922,1381,30208.57
2026-08-01,SLP-TRV-07,Instamart,620,19,11780,1940.91,84,119,7388.34
2026-08-01,SLP-TRV-07,Retail-B2B,613,48,30580,1246.08,267,344,6997.77
2026-08-01,SLP-TRV-07,Shopify,618,56,35802,4229.43,342,511,10945.57
2026-08-01,SLP-TRV-07,Zepto,620,10,6200,1056.49,37,48,3748.73
2026-08-02,SLP-BAM-01,Amazon,1354,195,265831,33734.61,1003,1379,122185.52
2026-08-02,SLP-BAM-01,Blinkit,1420,35,49700,7020.57,140,178,30775.78
2026-08-02,SLP-BAM-01,Flipkart,1410,201,285901,30827.63,1456,1854,82612.81
2026-08-02,SLP-BAM-01,Instamart,1420,19,26980,4427.23,69,92,17175.45
2026-08-02,SLP-BAM-01,Retail-B2B,1410,81,115721,4805.36,493,677,26199.55
2026-08-02,SLP-BAM-01,Shopify,1424,123,176452,18173.42,640,803,71624.51
2026-08-02,SLP-BAM-01,Zepto,1420,10,14200,2450.48,39,56,8356.71
2026-08-02,SLP-COOL-09,Amazon,1563,153,241467,25572.07,859,1132,91401.94
2026-08-02,SLP-COOL-09,Blinkit,1540,30,46200,6405.16,111,143,28332.03
2026-08-02,SLP-COOL-09,Flipkart,1485,99,150553,14718.64,570,843,41502.61
2026-08-02,SLP-COOL-09,Instamart,1540,16,24640,3918.99,62,89,14497.79
2026-08-02,SLP-COOL-09,Retail-B2B,1504,43,65348,1680.29,255,318,13966.18
2026-08-02,SLP-COOL-09,Shopify,1539,43,69345,7826.27,232,310,28392.12
2026-08-02,SLP-COOL-09,Zepto,1540,9,13860,2295.87,33,47,7897.25
2026-08-02,SLP-GEL-02,Amazon,1374,305,420114,55127.46,2017,2425,219454.13
2026-08-02,SLP-GEL-02,Blinkit,1430,39,55770,7869.22,171,243,34061.45
2026-08-02,SLP-GEL-02,Flipkart,1483,178,264904,29175.16,1206,1520,99406.91
2026-08-02,SLP-GEL-02,Instamart,1430,21,30030,4886.69,82,118,18519.29
2026-08-02,SLP-GEL-02,Retail-B2B,1404,69,99412,4021.68,437,643,15594.87
2026-08-02,SLP-GEL-02,Shopify,1377,97,135172,18171.82,520,642,71022.65
2026-08-02,SLP-GEL-02,Zepto,1430,11,15730,2734.95,40,56,9497.39
2026-08-02,SLP-KIDS-10,Amazon,686,103,71756,8577.22,520,744,25002.77
2026-08-02,SLP-KIDS-10,Blinkit,710,18,12780,1761.07,66,84,7827.27
2026-08-02,SLP-KIDS-10,Flipkart,744,84,63456,9479.17,600,824,31455.54
2026-08-02,SLP-KIDS-10,Instamart,710,10,7100,1139.8,36,47,4388.0
2026-08-02,SLP-KIDS-10,Retail-B2B,738,26,20188,851.66,156,229,3433.81
2026-08-02,SLP-KIDS-10,Shopify,702,35,25982,3618.69,223,268,12041.27
2026-08-02,SLP-KIDS-10,Zepto,710,5,3550,607.54,20,25,2188.55
2026-08-02,SLP-KNEE-08,Amazon,828,175,146571,21849.41,989,1217,61508.6
2026-08-02,SLP-KNEE-08,Blinkit,850,26,22100,3107.19,111,156,13649.22
2026-08-02,SLP-KNEE-08,Flipkart,822,116,96565,13866.02,591,839,52997.65
2026-08-02,SLP-KNEE-08,Instamart,850,13,11050,1776.4,55,69,6767.41
2026-08-02,SLP-KNEE-08,Retail-B2B,870,48,43400,1448.17,347,506,10754.98
2026-08-02,SLP-KNEE-08,Shopify,829,65,56030,6637.62,361,533,22773.62
2026-08-02,SLP-KNEE-08,Zepto,850,7,5950,999.32,31,39,3531.91
2026-08-02,SLP-LUM-06,Amazon,1148,185,214301,30460.51,1332,1941,81090.25
2026-08-02,SLP-LUM-06,Blinkit,910,27,24570,3356.61,105,141,14707.99
2026-08-02,SLP-LUM-06,Flipkart,1247,114,144485,16414.87,854,1096,62319.54
2026-08-02,SLP-LUM-06,Instamart,910,14,12740,2038.75,51,73,7911.21
2026-08-02,SLP-LUM-06,Retail-B2B,1169,52,62079,2038.18,393,534,15405.88
2026-08-02,SLP-LUM-06,Shopify,1222,80,98325,11977.45,559,708,35426.74
2026-08-02,SLP-LUM-06,Zepto,910,8,7280,1208.42,30,41,4242.98
2026-08-02,SLP-MIC-04,Amazon,906,212,192454,29544.01,1564,2001,81773.44
2026-08-02,SLP-MIC-04,Blinkit,860,44,37840,5352.7,158,210,24236.06
2026-08-02,SLP-MIC-04,Flipkart,961,154,150010,16357,776,1146,58282.9
2026-08-02,SLP-MIC-04,Instamart,860,21,18060,2835.13,87,112,10834.93
2026-08-02,SLP-MIC-04,Retail-B2B,946,65,63938,2673.26,460,644,15190.42
2026-08-02,SLP-MIC-04,Shopify,989,84,84352,11681.36,552,747,34699.67
2026-08-02,SLP-MIC-04,Zepto,860,12,10320,1723.2,45,60,6079.78
2026-08-02,SLP-PREG-05,Amazon,2408,193,468888,63058.96,1119,1627,188880.51
2026-08-02,SLP-PREG-05,Blinkit,2380,22,52360,7489.47,81,108,32456.71
2026-08-02,SLP-PREG-05,Flipkart,2468,139,345535,52398.51,1010,1398,184231.95
2026-08-02,SLP-PREG-05,Instamart,2380,11,26180,4286.89,45,61,16042.13
2026-08-02,SLP-PREG-05,Retail-B2B,2424,59,148232,4518.64,304,390,35109.73
2026-08-02,SLP-PREG-05,Shopify,2320,74,175474,19728.44,451,581,61406.53
2026-08-02,SLP-PREG-05,Zepto,2380,6,14280,2478.01,23,30,8460.87
2026-08-02,SLP-SHR-03,Amazon,1196,268,323346,43294.07,1641,2074,138432.02
2026-08-02,SLP-SHR-03,Blinkit,1190,31,36890,5095.98,137,183,22085.72
2026-08-02,SLP-SHR-03,Flipkart,1170,158,186401,26854.3,1058,1340,97392.68
2026-08-02,SLP-SHR-03,Instamart,1190,16,19040,3061.69,70,90,11650.33
2026-08-02,SLP-SHR-03,Retail-B2B,1225,59,74909,3086.16,341,457,12289.25
2026-08-02,SLP-SHR-03,Shopify,1190,106,128306,18306.21,558,755,50425.13
2026-08-02,SLP-SHR-03,Zepto,1190,9,10710,1850.32,33,46,6529.4
2026-08-02,SLP-TRV-07,Amazon,594,160,95590,11371.78,877,1235,39171.78
2026-08-02,SLP-TRV-07,Blinkit,620,38,23560,3308.36,170,240,14164.26
2026-08-02,SLP-TRV-07,Flipkart,643,111,72431,7543.17,705,856,29697.08
2026-08-02,SLP-TRV-07,Instamart,620,19,11780,1855.25,79,103,7005.87
2026-08-02,SLP-TRV-07,Retail-B2B,633,52,33614,1061.43,324,466,5480.5
2026-08-02,SLP-TRV-07,Shopify,617,56,35743,4789.04,396,566,12012.43
2026-08-02,SLP-TRV-07,Zepto,620,10,6200,1049.43,35,49,3564.95
2026-08-03,SLP-BAM-01,Amazon,1399,219,308435,40162.07,1584,2191,157638.51
2026-08-03,SLP-BAM-01,Blinkit,1420,35,49700,6977.03,142,181,31315.23
2026-08-03,SLP-BAM-01,Flipkart,1428,178,255081,27695.15,1228,1665,95728.07
2026-08-03,SLP-BAM-01,Instamart,1420,19,26980,4326.18,68,98,16872.73
2026-08-03,SLP-BAM-01,Retail-B2B,1406,72,104079,3876.37,382,491,22464.35
2026-08-03,SLP-BAM-01,Shopify,1392,111,156806,22709.07,811,1154,75435.17
2026-08-03,SLP-BAM-01,Zepto,1420,10,14200,2372.53,44,62,8290.5
2026-08-03,SLP-COOL-09,Amazon,1605,127,206629,26195.55,714,1005,70926.05
2026-08-03,SLP-COOL-09,Blinkit,1540,30,46200,6393.59,128,182,28805.24
2026-08-03,SLP-COOL-09,Flipkart,1580,97,155100,20086.36,697,996,71171.69
2026-08-03,SLP-COOL-09,Instamart,1540,16,24640,4051.81,57,76,15180.21
2026-08-03,SLP-COOL-09,Retail-B2B,1587,32,53631,1384.86,197,280,11459.18
2026-08-03,SLP-COOL-09,Shopify,1533,40,64141,7603.31,251,316,25196.74
2026-08-03,SLP-COOL-09,Zepto,1540,9,13860,2297.5,37,48,8048.71
2026-08-03,SLP-GEL-02,Amazon,1372,327,450414,53711.1,2077,2868,194502.58
2026-08-03,SLP-GEL-02,Blinkit,1430,42,60060,8262.13,151,212,35807.05
2026-08-03,SLP-GEL-02,Flipkart,1439,157,226941,27744.53,1027,1240,74672.78
2026-08-03,SLP-GEL-02,Instamart,1430,21,30030,4751.09,84,111,18169.19
2026-08-03,SLP-GEL-02,Retail-B2B,1440,76,111231,4270.21,389,541,25110.25
2026-08-03,SLP-GEL-02,Shopify,1466,93,139191,16743.82,551,773,42588.53
2026-08-03,SLP-GEL-02,Zepto,1430,11,15730,2714.39,40,51,9598.86
2026-08-03,SLP-KIDS-10,Amazon,739,118,88003,8477.89,654,848,26015.73
2026-08-03,SLP-KIDS-10,Blinkit,710,20,14200,1976.83,73,104,8761.02
2026-08-03,SLP-KIDS-10,Flipkart,748,76,57777,8975.67,508,728,27150.87
2026-08-03,SLP-KIDS-10,Instamart,710,10,7100,1119.28,35,50,4306.55
2026-08-03,SLP-KIDS-10,Retail-B2B,701,32,23688,778.4,247,311,3881.63
2026-08-03,SLP-KIDS-10,Shopify,692,38,26726,3740.14,216,264,14017.62
2026-08-03,SLP-KIDS-10,Zepto,710,5,3550,594.26,21,26,2076.81
2026-08-03,SLP-KNEE-08,Amazon,898,141,128614,12997.08,912,1154,45544.22
2026-08-03,SLP-KNEE-08,Blinkit,850,26,22100,3182.4,113,141,14263.66
2026-08-03,SLP-KNEE-08,Flipkart,826,114,95705,9563.68,665,933,24277.57
2026-08-03,SLP-KNEE-08,Instamart,850,13,11050,1791.28,54,71,6905.68
2026-08-03,SLP-KNEE-08,Retail-B2B,813,43,35323,940.72,293,358,6190.47
2026-08-03,SLP-KNEE-08,Shopify,837,65,55224,5723.35,450,555,19521.61
2026-08-03,SLP-KNEE-08,Zepto,850,7,5950,1019.38,29,39,3502.42
2026-08-03,SLP-LUM-06,Amazon,1163,207,241433,24032.84,1470,2028,87929.46
2026-08-03,SLP-LUM-06,Blinkit,910,29,26390,3657.4,124,176,16508.54
2026-08-03,SLP-LUM-06,Flipkart,1186,120,145052,21178.13,640,952,79068.47
2026-08-03,SLP-LUM-06,Instamart,910,14,12740,2058.49,53,75,7742.57
2026-08-03,SLP-LUM-06,Retail-B2B,1170,59,71546,1882.35,411,546,15074.25
2026-08-03,SLP-LUM-06,Shopify,1234,81,103262,14647.21,505,662,44246.37
2026-08-03,SLP-LUM-06,Zepto,910,8,7280,1249.19,34,47,4242.45
2026-08-03,SLP-MIC-04,Amazon,926,272,253329,27864.64,1725,2320,103441.87
2026-08-03,SLP-MIC-04,Blinkit,860,45,38700,5342.19,162,230,23910.93
2026-08-03,SLP-MIC-04,Flipkart,911,139,127544,15571.69,827,999,53185.07
2026-08-03,SLP-MIC-04,Instamart,860,23,19780,3126.88,89,118,11746.18
2026-08-03,SLP-MIC-04,Retail-B2B,914,56,52950,1828.91,318,457,10422.67
2026-08-03,SLP-MIC-04,Shopify,956,92,89229,9805.4,656,804,37040.58
2026-08-03,SLP-MIC-04,Zepto,860,12,10320,1746.52,53,71,5993.95
2026-08-03,SLP-PREG-05,Amazon,2414,247,602139,82361.69,1246,1849,240035.15
2026-08-03,SLP-PREG-05,Blinkit,2380,23,54740,7535.97,91,119,33788.12
2026-08-03,SLP-PREG-05,Flipkart,2377,154,371047,36730.87,1044,1348,104036.32
2026-08-03,SLP-PREG-05,Instamart,2380,11,26180,4095.13,48,66,15487.22
2026-08-03,SLP-PREG-05,Retail-B2B,2354,59,140163,3504.99,374,496,26263.19
2026-08-03,SLP-PREG-05,Shopify,2478,84,211350,26116.79,570,794,94993.22
2026-08-03,SLP-PREG-05,Zepto,2380,6,14280,2391.07,23,32,8543.65
2026-08-03,SLP-SHR-03,Amazon,1156,250,290207,39725.4,1404,1735,115456.9
2026-08-03,SLP-SHR-03,Blinkit,1190,32,38080,5244.07,118,155,22414.45
2026-08-03,SLP-SHR-03,Flipkart,1189,179,214301,32980.48,1022,1257,108405.36
2026-08-03,SLP-SHR-03,Instamart,1190,17,20230,3259.23,68,85,12237.16
2026-08-03,SLP-SHR-03,Retail-B2B,1225,65,80824,2190.7,357,429,19037.84
2026-08-03,SLP-SHR-03,Shopify,1225,84,104480,13217.85,463,585,48156.39
2026-08-03,SLP-SHR-03,Zepto,1190,9,10710,1874.0,40,57,6596.56
2026-08-03,SLP-TRV-07,Amazon,615,170,105896,16282.1,1154,1428,54220.02
2026-08-03,SLP-TRV-07,Blinkit,620,39,24180,3480.03,161,214,15109.21
2026-08-03,SLP-TRV-07,Flipkart,638,98,63655,9655.87,699,922,31059.01
2026-08-03,SLP-TRV-07,Instamart,620,19,11780,1876.87,78,104,7166.33
2026-08-03,SLP-TRV-07,Retail-B2B,645,48,32176,1216.11,254,316,6431.49
2026-08-03,SLP-TRV-07,Shopify,593,61,37216,5487.39,385,512,18443.65
2026-08-03,SLP-TRV-07,Zepto,620,11,6820,1174.65,47,63,4112.45
2026-08-04,SLP-BAM-01,Amazon,1415,179,255035,39523.61,1238,1710,105831.48
2026-08-04,SLP-BAM-01,Blinkit,1420,36,51120,7261.43,135,175,31901.74
2026-08-04,SLP-BAM-01,Flipkart,1351,179,243500,32093.69,1227,1821,109582.18
2026-08-04,SLP-BAM-01,Instamart,1420,18,25560,3973.53,73,91,15003.4
2026-08-04,SLP-BAM-01,Retail-B2B,1468,71,106306,3096.13,478,596,17400.18
2026-08-04,SLP-BAM-01,Shopify,1381,102,142232,17876.31,625,911,56771.08
2026-08-04,SLP-BAM-01,Zepto,1420,10,14200,2432.43,42,59,8310.15
2026-08-04,SLP-COOL-09,Amazon,1621,118,193037,18025.2,767,987,57243.63
2026-08-04,SLP-COOL-09,Blinkit,1540,32,49280,7009.23,132,172,30880.03
2026-08-04,SLP-COOL-09,Flipkart,1520,90,139426,18724.49,552,752,73034.92
2026-08-04,SLP-COOL-09,Instamart,1540,16,24640,3856.23,56,74,14620.0
2026-08-04,SLP-COOL-09,Retail-B2B,1543,43,69525,2772.78,316,385,11469.81
2026-08-04,SLP-COOL-09,Shopify,1611,48,80367,11001.94,333,491,34997.69
2026-08-04,SLP-COOL-09,Zepto,1540,9,13860,2302.63,38,50,8293.17
2026-08-04,SLP-GEL-02,Amazon,1475,271,401149,56060.89,1547,1914,188017.61
2026-08-04,SLP-GEL-02,Blinkit,1430,40,57200,7905.05,152,206,34305.8
2026-08-04,SLP-GEL-02,Flipkart,1494,170,257254,29131.27,895,1332,83768.48
2026-08-04,SLP-GEL-02,Instamart,1430,21,30030,4754.88,81,113,18351.75
2026-08-04,SLP-GEL-02,Retail-B2B,1374,77,108344,3435.43,578,866,19853.65
2026-08-04,SLP-GEL-02,Shopify,1396,108,152763,23187.84,678,829,75376.9
2026-08-04,SLP-GEL-02,Zepto,1430,12,17160,2894.55,46,65,10134.55
2026-08-04,SLP-KIDS-10,Amazon,699,110,77615,7428.69,681,950,26998.86
2026-08-04,SLP-KIDS-10,Blinkit,710,18,12780,1760.35,75,94,7835.67
2026-08-04,SLP-KIDS-10,Flipkart,723,71,52357,7060.53,419,589,26735.4
2026-08-04,SLP-KIDS-10,Instamart,710,10,7100,1119.11,35,47,4145.94
2026-08-04,SLP-KIDS-10,Retail-B2B,728,34,25773,824.53,247,337,5958.04
2026-08-04,SLP-KIDS-10,Shopify,681,34,24109,3124.24,219,268,10785.43
2026-08-04,SLP-KIDS-10,Zepto,710,5,3550,589.22,20,28,2119.29
2026-08-04,SLP-KNEE-08,Amazon,859,150,129941,14722.21,903,1223,58230.42
2026-08-04,SLP-KNEE-08,Blinkit,850,25,21250,2982.61,92,122,13057.16
2026-08-04,SLP-KNEE-08,Flipkart,831,105,88261,12395.14,672,993,34772.55
2026-08-04,SLP-KNEE-08,Instamart,850,14,11900,1886.86,59,81,7234.66
2026-08-04,SLP-KNEE-08,Retail-B2B,860,46,40134,1651.9,246,367,8635.14
2026-08-04,SLP-KNEE-08,Shopify,811,61,50899,6460.52,341,446,20155.99
2026-08-04,SLP-KNEE-08,Zepto,850,7,5950,1007.58,31,40,3576.0
2026-08-04,SLP-LUM-06,Amazon,1173,184,217081,22370.69,1174,1441,74410.7
2026-08-04,SLP-LUM-06,Blinkit,910,29,26390,3713.24,126,176,16529.93
2026-08-04,SLP-LUM-06,Flipkart,1160,127,149338,16457.38,953,1213,61749.5
2026-08-04,SLP-LUM-06,Instamart,910,15,13650,2242.92,52,66,8369.35
2026-08-04,SLP-LUM-06,Retail-B2B,1181,52,62717,2350.62,385,520,10143.18
2026-08-04,SLP-LUM-06,Shopify,1126,81,92412,11263.81,577,778,30144.2
2026-08-04,SLP-LUM-06,Zepto,910,8,7280,1240.43,31,43,4337.21
2026-08-04,SLP-MIC-04,Amazon,912,267,243628,26890.96,1603,2372,99093.44
2026-08-04,SLP-MIC-04,Blinkit,860,44,37840,5140.55,187,265,22417.24
2026-08-04,SLP-MIC-04,Flipkart,951,133,128553,16285,857,1168,49143.02
2026-08-04,SLP-MIC-04,Instamart,860,22,18920,3057.98,81,112,11664.92
2026-08-04,SLP-MIC-04,Retail-B2B,954,59,56803,2008.41,323,455,12055.96
2026-08-04,SLP-MIC-04,Shopify,949,95,91631,10151.49,620,929,29924.91
2026-08-04,SLP-MIC-04,Zepto,860,12,10320,1791.42,43,61,6394.39
2026-08-04,SLP-PREG-05,Amazon,2357,204,485509,68652.27,1405,1983,176125.4
2026-08-04,SLP-PREG-05,Blinkit,2380,23,54740,7626.36,93,127,34054.32
2026-08-04,SLP-PREG-05,Flipkart,2490,144,360637,46840.94,1034,1377,178208.72
2026-08-04,SLP-PREG-05,Instamart,2380,11,26180,4105.31,46,58,15700.56
2026-08-04,SLP-PREG-05,Retail-B2B,2368,59,140996,3936.02,402,531,26519.45
2026-08-04,SLP-PREG-05,Shopify,2297,76,177431,23855.97,572,771,89009.52
2026-08-04,SLP-PREG-05,Zepto,2380,6,14280,2422.46,23,28,8534.74
2026-08-04,SLP-SHR-03,Amazon,1168,234,276304,33815.37,1375,1935,133699.39
2026-08-04,SLP-SHR-03,Blinkit,1190,31,36890,5077.66,109,143,22255.69
2026-08-04,SLP-SHR-03,Flipkart,1160,179,210942,31097.2,934,1297,79417.54
2026-08-04,SLP-SHR-03,Instamart,1190,16,19040,3131.34,56,73,11619.3
2026-08-04,SLP-SHR-03,Retail-B2B,1134,81,93068,2683.02,560,744,20949.81
2026-08-04,SLP-SHR-03,Shopify,1168,105,124054,18133.73,628,813,68708.94
2026-08-04,SLP-SHR-03,Zepto,1190,9,10710,1785.94,38,50,6142.82
2026-08-04,SLP-TRV-07,Amazon,643,190,123135,18154.26,1282,1885,57467.63
2026-08-04,SLP-TRV-07,Blinkit,620,39,24180,3365.77,154,196,14511.76
2026-08-04,SLP-TRV-07,Flipkart,613,124,76944,7984.86,895,1240,20907.98
2026-08-04,SLP-TRV-07,Instamart,620,20,12400,2038.54,84,106,7698.42
2026-08-04,SLP-TRV-07,Retail-B2B,634,52,33668,1414.26,282,377,7163.93
2026-08-04,SLP-TRV-07,Shopify,647,68,44769,4989.33,369,501,15278.63
2026-08-04,SLP-TRV-07,Zepto,620,11,6820,1173.4,38,54,4051.77
2026-08-05,SLP-BAM-01,Amazon,1461,178,260975,24478.05,1288,1807,90738.9
2026-08-05,SLP-BAM-01,Blinkit,1420,34,48280,6848.45,144,199,30112.53
2026-08-05,SLP-BAM-01,Flipkart,1462,212,310561,32792.17,1311,1666,100902.81
2026-08-05,SLP-BAM-01,Instamart,1420,18,25560,3979.52,71,100,15522.37
2026-08-05,SLP-BAM-01,Retail-B2B,1414,81,116050,3841.62,610,786,20378.46
2026-08-05,SLP-BAM-01,Shopify,1476,108,161517,18523.57,717,951,62634.81
2026-08-05,SLP-BAM-01,Zepto,1420,10,14200,2473.15,35,44,8825.66
2026-08-05,SLP-COOL-09,Amazon,1488,141,213118,23499.8,956,1360,78698.33
2026-08-05,SLP-COOL-09,Blinkit,1540,32,49280,6895.4,114,147,30873.01
2026-08-05,SLP-COOL-09,Flipkart,1549,81,129622,17210.03,556,787,59053.41
2026-08-05,SLP-COOL-09,Instamart,1540,16,24640,3841.65,56,71,14711.65
2026-08-05,SLP-COOL-09,Retail-B2B,1541,43,66955,2783.42,283,416,11275.58
2026-08-05,SLP-COOL-09,Shopify,1641,47,79223,9829.89,274,394,37906.35
2026-08-05,SLP-COOL-09,Zepto,1540,9,13860,2391.4,34,43,8404.66
2026-08-05,SLP-GEL-02,Amazon,1403,271,381567,46018.28,1847,2266,155052.18
2026-08-05,SLP-GEL-02,Blinkit,1430,42,60060,8310.63,166,225,36745.71
2026-08-05,SLP-GEL-02,Flipkart,1420,196,281073,40704.03,1389,1867,117449.65
2026-08-05,SLP-GEL-02,Instamart,1430,21,30030,4748.25,75,105,18578.07
2026-08-05,SLP-GEL-02,Retail-B2B,1379,81,113177,3073.01,477,588,25283.37
2026-08-05,SLP-GEL-02,Shopify,1455,110,161562,16822.59,700,1044,45391.38
2026-08-05,SLP-GEL-02,Zepto,1430,12,17160,2952.16,48,64,10607.0
2026-08-05,SLP-KIDS-10,Amazon,677,105,71905,11020.82,719,1074,41771.23
2026-08-05,SLP-KIDS-10,Blinkit,710,19,13490,1916.47,79,103,8346.86
2026-08-05,SLP-KIDS-10,Flipkart,715,80,57529,7766.12,564,835,26224.95
2026-08-05,SLP-KIDS-10,Instamart,710,10,7100,1155.82,40,53,4319.83
2026-08-05,SLP-KIDS-10,Retail-B2B,741,27,21463,674.18,145,212,4193.58
2026-08-05,SLP-KIDS-10,Shopify,677,43,29415,3410.45,217,295,12571
2026-08-05,SLP-KIDS-10,Zepto,710,5,3550,586.84,19,24,2045.56
2026-08-05,SLP-KNEE-08,Amazon,849,179,153020,16368.14,1265,1863,42472.47
2026-08-05,SLP-KNEE-08,Blinkit,850,25,21250,2907.29,90,122,12556.13
2026-08-05,SLP-KNEE-08,Flipkart,891,112,101802,10347.37,758,1078,32909.45
2026-08-05,SLP-KNEE-08,Instamart,850,13,11050,1806.21,49,67,7065.4
2026-08-05,SLP-KNEE-08,Retail-B2B,814,43,35367,1400.71,296,368,6311.38
2026-08-05,SLP-KNEE-08,Shopify,872,56,50516,5147.59,331,446,20175.42
2026-08-05,SLP-KNEE-08,Zepto,850,7,5950,1039.53,28,40,3711.7
2026-08-05,SLP-LUM-06,Amazon,1198,174,210141,25977.29,1286,1555,80845.84
2026-08-05,SLP-LUM-06,Blinkit,910,30,27300,3749.8,119,165,16218.36
2026-08-05,SLP-LUM-06,Flipkart,1181,145,172948,19975.35,797,985,61867.84
2026-08-05,SLP-LUM-06,Instamart,910,15,13650,2215.46,55,71,8644.84
2026-08-05,SLP-LUM-06,Retail-B2B,1144,53,62592,2308.03,362,504,11171.91
2026-08-05,SLP-LUM-06,Shopify,1203,71,87117,13266.08,377,529,50187.91
2026-08-05,SLP-LUM-06,Zepto,910,8,7280,1250.39,28,39,4315.84
2026-08-05,SLP-MIC-04,Amazon,940,204,193626,27514.71,1088,1489,78839.37
2026-08-05,SLP-MIC-04,Blinkit,860,47,40420,5667.16,169,217,24610.84
2026-08-05,SLP-MIC-04,Flipkart,985,169,168022,15691.11,909,1126,59431.79
2026-08-05,SLP-MIC-04,Instamart,860,23,19780,3099.68,82,102,11548.26
2026-08-05,SLP-MIC-04,Retail-B2B,974,56,56426,2034.76,383,462,12559.12
2026-08-05,SLP-MIC-04,Shopify,993,93,94281,10001.72,677,879,28244.13
2026-08-05,SLP-MIC-04,Zepto,860,13,11180,1917.88,47,64,6880.16
2026-08-05,SLP-PREG-05,Amazon,2496,243,610542,65935.73,1321,1605,196861.49
2026-08-05,SLP-PREG-05,Blinkit,2380,22,52360,7189.41,88,114,30711.26
2026-08-05,SLP-PREG-05,Flipkart,2472,144,358029,54405.61,1001,1461,139552.98
2026-08-05,SLP-PREG-05,Instamart,2380,11,26180,4212.38,41,57,15806.56
2026-08-05,SLP-PREG-05,Retail-B2B,2369,59,141056,4255.34,438,533,34289.14
2026-08-05,SLP-PREG-05,Shopify,2314,80,186192,25982.35,555,751,83516.86
2026-08-05,SLP-PREG-05,Zepto,2380,6,14280,2426.39,23,30,8284.09
2026-08-05,SLP-SHR-03,Amazon,1190,256,306404,41623.3,1862,2275,134668.16
2026-08-05,SLP-SHR-03,Blinkit,1190,33,39270,5515.4,119,169,24555.21
2026-08-05,SLP-SHR-03,Flipkart,1209,191,233471,29459.32,1250,1537,93697.52
2026-08-05,SLP-SHR-03,Instamart,1190,16,19040,3038.0,70,98,11674.19
2026-08-05,SLP-SHR-03,Retail-B2B,1162,77,91627,2323.34,519,742,21469.07
2026-08-05,SLP-SHR-03,Shopify,1239,97,121626,11833.27,642,876,34464.68
2026-08-05,SLP-SHR-03,Zepto,1190,9,10710,1859.78,37,48,6442.76
2026-08-05,SLP-TRV-07,Amazon,603,167,101889,12356.27,982,1312,35125.67
2026-08-05,SLP-TRV-07,Blinkit,620,38,23560,3372.16,150,200,14903.44
2026-08-05,SLP-TRV-07,Flipkart,590,98,58866,8529.62,519,737,22516.88
2026-08-05,SLP-TRV-07,Instamart,620,20,12400,2003.19,78,105,7810.19
2026-08-05,SLP-TRV-07,Retail-B2B,597,47,28820,1186.98,310,424,5029.43
2026-08-05,SLP-TRV-07,Shopify,622,55,35032,4194.57,332,413,14671.19
2026-08-05,SLP-TRV-07,Zepto,620,11,6820,1181.21,43,56,4146.66
2026-08-06,SLP-BAM-01,Amazon,1450,169,247342,28489.8,1166,1702,99657.63
2026-08-06,SLP-BAM-01,Blinkit,1420,35,49700,7154.29,140,202,31297.89
2026-08-06,SLP-BAM-01,Flipkart,1401,175,248002,24784.25,1041,1487,93388.54
2026-08-06,SLP-BAM-01,Instamart,1420,18,25560,4040.17,80,107,15432.73
2026-08-06,SLP-BAM-01,Retail-B2B,1413,86,122789,4441.37,614,916,21234.62
2026-08-06,SLP-BAM-01,Shopify,1391,126,176839,23081.2,814,1028,69877.62
2026-08-06,SLP-BAM-01,Zepto,1420,10,14200,2346.78,41,58,8001.04
2026-08-06,SLP-COOL-09,Amazon,1515,139,212108,28241.85,1019,1476,71716.81
2026-08-06,SLP-COOL-09,Blinkit,1540,32,49280,6916.83,118,156,30275.64
2026-08-06,SLP-COOL-09,Flipkart,1506,89,135718,16030.45,589,712,43487.6
2026-08-06,SLP-COOL-09,Instamart,1540,17,26180,4198.5,68,92,15806.04
2026-08-06,SLP-COOL-09,Retail-B2B,1526,34,54025,1737.44,212,276,11646.98
2026-08-06,SLP-COOL-09,Shopify,1605,43,69736,9545.4,252,302,28287.57
2026-08-06,SLP-COOL-09,Zepto,1540,9,13860,2391.09,32,44,8335.66
2026-08-06,SLP-GEL-02,Amazon,1444,305,443841,62796.04,1592,1935,210454.04
2026-08-06,SLP-GEL-02,Blinkit,1430,43,61490,8673.38,159,216,38758.19
2026-08-06,SLP-GEL-02,Flipkart,1433,163,235220,32959.6,991,1273,88026.07
2026-08-06,SLP-GEL-02,Instamart,1430,22,31460,4979.77,92,125,18569.63
2026-08-06,SLP-GEL-02,Retail-B2B,1398,74,105738,4173.25,501,608,24249.9
2026-08-06,SLP-GEL-02,Shopify,1476,106,159142,21498.81,713,959,62521.86
2026-08-06,SLP-GEL-02,Zepto,1430,12,17160,2907.34,52,65,10294.14
2026-08-06,SLP-KIDS-10,Amazon,720,123,89217,8358.62,681,845,24675.72
2026-08-06,SLP-KIDS-10,Blinkit,710,20,14200,1980.62,72,104,8818.39
2026-08-06,SLP-KIDS-10,Flipkart,697,76,53839,7806.47,397,579,28956.54
2026-08-06,SLP-KIDS-10,Instamart,710,10,7100,1154.78,42,58,4268.01
2026-08-06,SLP-KIDS-10,Retail-B2B,746,26,20408,598.34,198,288,3904.57
2026-08-06,SLP-KIDS-10,Shopify,730,35,27018,2531.48,200,262,9165.28
2026-08-06,SLP-KIDS-10,Zepto,710,5,3550,596.02,18,24,2070.4
2026-08-06,SLP-KNEE-08,Amazon,848,163,139194,19111.28,862,1039,59752.2
2026-08-06,SLP-KNEE-08,Blinkit,850,26,22100,3045.6,105,142,13125.96
2026-08-06,SLP-KNEE-08,Flipkart,824,93,78235,10155.26,565,730,33369.61
2026-08-06,SLP-KNEE-08,Instamart,850,13,11050,1755.92,56,80,6738.03
2026-08-06,SLP-KNEE-08,Retail-B2B,869,40,36358,1067.17,225,304,7811.02
2026-08-06,SLP-KNEE-08,Shopify,870,65,57401,7555.35,478,586,28317.75
2026-08-06,SLP-KNEE-08,Zepto,850,7,5950,1029.25,25,35,3531.04
2026-08-06,SLP-LUM-06,Amazon,1235,200,248430,37141.43,1363,1970,112318.02
2026-08-06,SLP-LUM-06,Blinkit,910,28,25480,3672.56,110,140,16559.62
2026-08-06,SLP-LUM-06,Flipkart,1168,114,135331,19113.74,793,1132,61950.99
2026-08-06,SLP-LUM-06,Instamart,910,15,13650,2123.33,61,86,8069.76
2026-08-06,SLP-LUM-06,Retail-B2B,1193,61,74873,1960.2,400,556,17834.2
2026-08-06,SLP-LUM-06,Shopify,1148,65,77592,7938.5,437,624,22195.31
2026-08-06,SLP-LUM-06,Zepto,910,8,7280,1218.36,29,38,4369.88
2026-08-06,SLP-MIC-04,Amazon,937,267,250307,33087.16,1373,1829,90210.03
2026-08-06,SLP-MIC-04,Blinkit,860,46,39560,5537.86,184,240,24683.26
2026-08-06,SLP-MIC-04,Flipkart,994,166,166358,16299.61,1187,1643,61879.43
2026-08-06,SLP-MIC-04,Instamart,860,24,20640,3290.57,94,131,12523.64
2026-08-06,SLP-MIC-04,Retail-B2B,949,61,59560,1493.84,398,572,11257.44
2026-08-06,SLP-MIC-04,Shopify,969,81,79528,7690.45,471,629,25078.6
2026-08-06,SLP-MIC-04,Zepto,860,13,11180,1872.7,55,78,6361.51
2026-08-06,SLP-PREG-05,Amazon,2276,219,501788,72022.83,1272,1707,250477.84
2026-08-06,SLP-PREG-05,Blinkit,2380,23,54740,7884.42,93,123,34158.03
2026-08-06,SLP-PREG-05,Flipkart,2373,129,309321,33593.91,790,1071,106043.79
2026-08-06,SLP-PREG-05,Instamart,2380,12,28560,4612.04,47,67,17162.3
2026-08-06,SLP-PREG-05,Retail-B2B,2460,56,142515,4383.2,328,433,27278.76
2026-08-06,SLP-PREG-05,Shopify,2462,68,170366,16975.63,403,569,65333.94
2026-08-06,SLP-PREG-05,Zepto,2380,6,14280,2377.78,23,31,8293.13
2026-08-06,SLP-SHR-03,Amazon,1207,271,328262,46696.34,1396,1714,162081.04
2026-08-06,SLP-SHR-03,Blinkit,1190,33,39270,5500.52,144,187,24753.12
2026-08-06,SLP-SHR-03,Flipkart,1208,170,208006,21216.45,1270,1790,64174.06
2026-08-06,SLP-SHR-03,Instamart,1190,17,20230,3274.22,73,103,12553.89
2026-08-06,SLP-SHR-03,Retail-B2B,1201,72,88904,3600.34,540,698,17299.15
2026-08-06,SLP-SHR-03,Shopify,1165,89,104987,14507.64,651,951,50556.89
2026-08-06,SLP-SHR-03,Zepto,1190,9,10710,1812.43,39,50,6248.39
2026-08-06,SLP-TRV-07,Amazon,625,200,125723,18071.76,1414,2010,63344.67
2026-08-06,SLP-TRV-07,Blinkit,620,40,24800,3454.28,160,226,15594.84
2026-08-06,SLP-TRV-07,Flipkart,638,103,66735,10150.48,578,717,32780.02
2026-08-06,SLP-TRV-07,Instamart,620,21,13020,2068.2,88,123,7772.71
2026-08-06,SLP-TRV-07,Retail-B2B,644,52,34199,1198.41,277,396,5863.76
2026-08-06,SLP-TRV-07,Shopify,605,63,38943,5193.38,377,493,16281.82
2026-08-06,SLP-TRV-07,Zepto,620,11,6820,1158.23,44,60,3989.89
2026-08-07,SLP-BAM-01,Amazon,1374,212,294079,28101.11,1471,1823,84447.95
2026-08-07,SLP-BAM-01,Blinkit,1420,37,52540,7265.23,153,199,32883.72
2026-08-07,SLP-BAM-01,Flipkart,1434,185,267691,36202.49,1134,1457,103405
2026-08-07,SLP-BAM-01,Instamart,1420,18,25560,4207.37,77,101,16436.25
2026-08-07,SLP-BAM-01,Retail-B2B,1387,77,109369,3678.87,496,641,27056.41
2026-08-07,SLP-BAM-01,Shopify,1443,98,143974,20857.61,696,869,76268.91
2026-08-07,SLP-BAM-01,Zepto,1420,10,14200,2440.89,44,58,8565.91
2026-08-07,SLP-COOL-09,Amazon,1516,133,204929,29736.27,990,1480,90748
2026-08-07,SLP-COOL-09,Blinkit,1540,32,49280,6976.11,113,154,31145.49
2026-08-07,SLP-COOL-09,Flipkart,1517,77,119621,13008.3,563,769,45031.72
2026-08-07,SLP-COOL-09,Instamart,1540,17,26180,4066.63,67,92,15487.1
2026-08-07,SLP-COOL-09,Retail-B2B,1633,43,70953,1860.19,307,394,14907.37
2026-08-07,SLP-COOL-09,Shopify,1573,43,70877,8288.52,332,479,27279.09
2026-08-07,SLP-COOL-09,Zepto,1540,9,13860,2312.35,39,52,7909.75
2026-08-07,SLP-GEL-02,Amazon,1385,267,372215,55633.53,1628,2415,151380.11
2026-08-07,SLP-GEL-02,Blinkit,1430,42,60060,8612.3,180,246,37408.0
2026-08-07,SLP-GEL-02,Flipkart,1464,201,296851,34585.39,1477,2144,87925.79
2026-08-07,SLP-GEL-02,Instamart,1430,22,31460,5059.14,97,123,19596.64
2026-08-07,SLP-GEL-02,Retail-B2B,1402,81,117321,2946.33,444,571,20585.28
2026-08-07,SLP-GEL-02,Shopify,1466,102,150987,17353.55,525,709,44078.11
2026-08-07,SLP-GEL-02,Zepto,1430,12,17160,2942.0,42,59,10357.02
2026-08-07,SLP-KIDS-10,Amazon,687,126,87338,8894.22,773,928,31648.34
2026-08-07,SLP-KIDS-10,Blinkit,710,19,13490,1904.08,79,110,8438.72
2026-08-07,SLP-KIDS-10,Flipkart,741,69,52467,5872.47,425,611,15101.79
2026-08-07,SLP-KIDS-10,Instamart,710,10,7100,1103.63,40,57,4290.48
2026-08-07,SLP-KIDS-10,Retail-B2B,715,26,19558,822.62,197,271,4768.43
2026-08-07,SLP-KIDS-10,Shopify,744,35,27536,3995.59,250,339,13278.17
2026-08-07,SLP-KIDS-10,Zepto,710,5,3550,589.95,17,23,2072.83
2026-08-07,SLP-KNEE-08,Amazon,898,160,144510,15642.6,971,1344,42475.37
2026-08-07,SLP-KNEE-08,Blinkit,850,26,22100,3156.81,114,157,13996.85
2026-08-07,SLP-KNEE-08,Flipkart,852,102,87749,13568.37,611,819,45199.33
2026-08-07,SLP-KNEE-08,Instamart,850,13,11050,1721.67,57,74,6669.47
2026-08-07,SLP-KNEE-08,Retail-B2B,842,50,43359,1399.45,288,347,7893.87
2026-08-07,SLP-KNEE-08,Shopify,878,59,52277,7031.18,440,536,18480.9
2026-08-07,SLP-KNEE-08,Zepto,850,7,5950,994.26,26,33,3557.1
2026-08-07,SLP-LUM-06,Amazon,1151,190,220419,30584.37,1319,1873,105283.19
2026-08-07,SLP-LUM-06,Blinkit,910,29,26390,3681.48,122,154,16275.85
2026-08-07,SLP-LUM-06,Flipkart,1191,133,160996,21326.74,693,992,79276.75
2026-08-07,SLP-LUM-06,Instamart,910,15,13650,2136.8,57,76,8337.25
2026-08-07,SLP-LUM-06,Retail-B2B,1192,50,61382,2341.24,261,328,13925.1
2026-08-07,SLP-LUM-06,Shopify,1208,61,75814,9639.18,339,486,35860.29
2026-08-07,SLP-LUM-06,Zepto,910,8,7280,1200.68,29,37,4292.75
2026-08-07,SLP-MIC-04,Amazon,995,271,270605,33889.68,1719,2193,135005.78
2026-08-07,SLP-MIC-04,Blinkit,860,44,37840,5376.26,159,215,23195.17
2026-08-07,SLP-MIC-04,Flipkart,987,145,144538,21461.65,1053,1385,77583.04
2026-08-07,SLP-MIC-04,Instamart,860,22,18920,3097.54,86,119,11513.34
2026-08-07,SLP-MIC-04,Retail-B2B,902,61,56610,1854.14,389,574,10917.2
2026-08-07,SLP-MIC-04,Shopify,924,77,72859,8407.64,561,729,30866.65
2026-08-07,SLP-MIC-04,Zepto,860,13,11180,1863.48,45,56,6585.21
2026-08-07,SLP-PREG-05,Amazon,2370,243,579722,80228.38,1582,2288,210069.23
2026-08-07,SLP-PREG-05,Blinkit,2380,24,57120,8011.6,103,134,36125.59
2026-08-07,SLP-PREG-05,Flipkart,2393,152,365842,42092.14,1090,1423,107904.58
2026-08-07,SLP-PREG-05,Instamart,2380,12,28560,4691.88,50,64,17742.63
2026-08-07,SLP-PREG-05,Retail-B2B,2250,55,126728,4663.27,417,618,26038.55
2026-08-07,SLP-PREG-05,Shopify,2363,74,178726,17548.4,433,597,61268.11
2026-08-07,SLP-PREG-05,Zepto,2380,6,14280,2389.43,22,27,8274.58
2026-08-07,SLP-SHR-03,Amazon,1240,273,341228,39509.65,1832,2722,146250.66
2026-08-07,SLP-SHR-03,Blinkit,1190,33,39270,5491.81,140,184,24608.32
2026-08-07,SLP-SHR-03,Flipkart,1204,161,195692,25138.52,1082,1606,85663.08
2026-08-07,SLP-SHR-03,Instamart,1190,17,20230,3158.93,66,95,11996.26
2026-08-07,SLP-SHR-03,Retail-B2B,1203,76,92924,2574.25,494,671,15160.08
2026-08-07,SLP-SHR-03,Shopify,1232,97,120938,17144.52,504,722,43756.22
2026-08-07,SLP-SHR-03,Zepto,1190,9,10710,1823.55,35,49,6476.5
2026-08-07,SLP-TRV-07,Amazon,624,191,120500,13101.09,1313,1772,34982.18
2026-08-07,SLP-TRV-07,Blinkit,620,38,23560,3390.01,169,240,14594.53
2026-08-07,SLP-TRV-07,Flipkart,631,127,81234,10051.58,912,1218,26978
2026-08-07,SLP-TRV-07,Instamart,620,19,11780,1870.16,84,119,7082.47
2026-08-07,SLP-TRV-07,Retail-B2B,591,46,27579,726.19,242,339,6652.31
2026-08-07,SLP-TRV-07,Shopify,624,63,40165,4397.39,391,586,12710.37
2026-08-07,SLP-TRV-07,Zepto,620,11,6820,1132.2,48,60,3963.61
2026-08-08,SLP-BAM-01,Amazon,1373,179,249675,28662.62,1149,1686,74448.54
2026-08-08,SLP-BAM-01,Blinkit,1420,37,52540,7517.56,146,210,33119.84
2026-08-08,SLP-BAM-01,Flipkart,1481,174,259782,26456.23,883,1206,97506.01
2026-08-08,SLP-BAM-01,Instamart,1420,19,26980,4218.95,79,110,15891.18
2026-08-08,SLP-BAM-01,Retail-B2B,1444,86,125483,5398.23,551,762,21311.35
2026-08-08,SLP-BAM-01,Shopify,1372,118,163385,24644.14,826,1117,85183.7
2026-08-08,SLP-BAM-01,Zepto,1420,10,14200,2431.07,37,51,8597.56
2026-08-08,SLP-COOL-09,Amazon,1635,127,210492,32694.7,808,1156,116991.59
2026-08-08,SLP-COOL-09,Blinkit,1540,32,49280,6890.5,133,179,30139.23
2026-08-08,SLP-COOL-09,Flipkart,1593,97,156376,22158,532,792,76659.83
2026-08-08,SLP-COOL-09,Instamart,1540,18,27720,4494.03,73,96,17557.25
2026-08-08,SLP-COOL-09,Retail-B2B,1578,43,71102,2200.47,230,284,14932.67
2026-08-08,SLP-COOL-09,Shopify,1514,40,63346,9732.28,254,356,33707.83
2026-08-08,SLP-COOL-09,Zepto,1540,9,13860,2348.01,38,48,8106.19
2026-08-08,SLP-GEL-02,Amazon,1477,258,382678,43342.33,1510,2238,154471.99
2026-08-08,SLP-GEL-02,Blinkit,1430,43,61490,8388.3,176,222,35980.18
2026-08-08,SLP-GEL-02,Flipkart,1454,178,259724,32320.33,1306,1627,88976.38
2026-08-08,SLP-GEL-02,Instamart,1430,22,31460,4946.84,81,103,18974.77
2026-08-08,SLP-GEL-02,Retail-B2B,1401,81,114982,4494.03,531,771,24827.5
2026-08-08,SLP-GEL-02,Shopify,1365,112,155960,16965.99,724,895,58576.53
2026-08-08,SLP-GEL-02,Zepto,1430,12,17160,2879.26,47,65,10185.33
2026-08-08,SLP-KIDS-10,Amazon,707,130,93295,8860.59,866,1189,22755.7
2026-08-08,SLP-KIDS-10,Blinkit,710,20,14200,2003.87,76,110,8842.61
2026-08-08,SLP-KIDS-10,Flipkart,728,86,63262,7795.35,579,746,28897.61
2026-08-08,SLP-KIDS-10,Instamart,710,10,7100,1126.97,40,56,4349.96
2026-08-08,SLP-KIDS-10,Retail-B2B,744,26,20353,749.96,165,221,3750.45
2026-08-08,SLP-KIDS-10,Shopify,701,43,30458,3627.52,269,373,12545.73
2026-08-08,SLP-KIDS-10,Zepto,710,6,4260,719.65,21,27,2533.79
2026-08-08,SLP-KNEE-08,Amazon,881,164,146029,16447.92,1126,1641,58843.16
2026-08-08,SLP-KNEE-08,Blinkit,850,26,22100,3085.41,93,129,13661.68
2026-08-08,SLP-KNEE-08,Flipkart,875,93,83077,8243.54,562,778,24197.41
2026-08-08,SLP-KNEE-08,Instamart,850,13,11050,1818.34,53,73,7041.71
2026-08-08,SLP-KNEE-08,Retail-B2B,877,48,43750,1444.3,267,346,10684.88
2026-08-08,SLP-KNEE-08,Shopify,812,52,43120,5012.3,306,410,16753.5
2026-08-08,SLP-KNEE-08,Zepto,850,7,5950,989.48,26,32,3412.38
2026-08-08,SLP-LUM-06,Amazon,1177,187,221610,31165.22,1176,1587,101205.88
2026-08-08,SLP-LUM-06,Blinkit,910,30,27300,3856.61,126,162,17242.93
2026-08-08,SLP-LUM-06,Flipkart,1205,110,133802,16586.55,732,981,63418.83
2026-08-08,SLP-LUM-06,Instamart,910,14,12740,2090.88,52,66,8102.4
2026-08-08,SLP-LUM-06,Retail-B2B,1182,59,72281,2118.2,369,540,12876.16
2026-08-08,SLP-LUM-06,Shopify,1211,61,76003,11548.59,462,584,37627.23
2026-08-08,SLP-LUM-06,Zepto,910,8,7280,1213.52,33,44,4216.79
2026-08-08,SLP-MIC-04,Amazon,927,258,240176,27848.56,1655,2082,86354.83
2026-08-08,SLP-MIC-04,Blinkit,860,46,39560,5448.18,181,241,23740.32
2026-08-08,SLP-MIC-04,Flipkart,931,133,125849,19356.14,939,1222,59827.03
2026-08-08,SLP-MIC-04,Instamart,860,24,20640,3264.55,84,119,12286.07
2026-08-08,SLP-MIC-04,Retail-B2B,906,68,62693,2638.97,378,511,10417.29
2026-08-08,SLP-MIC-04,Shopify,944,74,71398,8892.48,428,640,32427.37
2026-08-08,SLP-MIC-04,Zepto,860,13,11180,1935.52,56,70,6600.39
2026-08-08,SLP-PREG-05,Amazon,2375,191,458640,46655.54,1187,1587,139946.14
2026-08-08,SLP-PREG-05,Blinkit,2380,22,52360,7298.19,85,108,32430.15
2026-08-08,SLP-PREG-05,Flipkart,2315,133,312937,35710.12,850,1200,133642.77
2026-08-08,SLP-PREG-05,Instamart,2380,12,28560,4542.4,49,61,16890.22
2026-08-08,SLP-PREG-05,Retail-B2B,2425,65,160000,5803.33,388,544,25676.93
2026-08-08,SLP-PREG-05,Shopify,2348,80,188927,21460.32,432,646,73385.76
2026-08-08,SLP-PREG-05,Zepto,2380,6,14280,2488.94,24,32,8900.56
2026-08-08,SLP-SHR-03,Amazon,1127,271,306504,43744.68,1817,2194,156955.31
2026-08-08,SLP-SHR-03,Blinkit,1190,34,40460,5517.28,122,154,24759.28
2026-08-08,SLP-SHR-03,Flipkart,1177,150,178045,23555.11,1068,1328,80784.69
2026-08-08,SLP-SHR-03,Instamart,1190,17,20230,3181.48,65,86,12031.47
2026-08-08,SLP-SHR-03,Retail-B2B,1164,59,71180,2653.14,448,552,15424.05
2026-08-08,SLP-SHR-03,Shopify,1190,108,130221,18473.26,701,992,67690.51
2026-08-08,SLP-SHR-03,Zepto,1190,9,10710,1811.71,31,40,6194.57
2026-08-08,SLP-TRV-07,Amazon,648,173,112621,11557.38,1041,1491,40864.01
2026-08-08,SLP-TRV-07,Blinkit,620,40,24800,3536.95,163,222,15615.22
2026-08-08,SLP-TRV-07,Flipkart,628,119,75794,9540,651,959,28339.8
2026-08-08,SLP-TRV-07,Instamart,620,20,12400,2016.95,71,89,7695.49
2026-08-08,SLP-TRV-07,Retail-B2B,627,43,28251,794.75,310,439,4422.35
2026-08-08,SLP-TRV-07,Shopify,590,69,41775,5804.23,376,474,15052.82
2026-08-08,SLP-TRV-07,Zepto,620,11,6820,1167.62,48,60,4168.08
2026-08-09,SLP-BAM-01,Amazon,1403,201,284482,37301.51,1132,1547,104011.39
2026-08-09,SLP-BAM-01,Blinkit,1420,37,52540,7242.32,148,196,32036.13
2026-08-09,SLP-BAM-01,Flipkart,1452,182,266377,40284.56,1036,1281,148775.23
2026-08-09,SLP-BAM-01,Instamart,1420,19,26980,4307.14,81,115,16420.47
2026-08-09,SLP-BAM-01,Retail-B2B,1398,76,107987,2960.38,572,826,16890.25
2026-08-09,SLP-BAM-01,Shopify,1466,126,186374,20818.89,697,983,61072.34
2026-08-09,SLP-BAM-01,Zepto,1420,10,14200,2438.64,42,58,8703.7
2026-08-09,SLP-COOL-09,Amazon,1492,146,220894,24576.47,998,1301,72044.58
2026-08-09,SLP-COOL-09,Blinkit,1540,32,49280,6832.77,117,158,29763.07
2026-08-09,SLP-COOL-09,Flipkart,1535,77,121039,15913.06,439,615,53790.05
2026-08-09,SLP-COOL-09,Instamart,1540,17,26180,4266.67,64,86,16361.05
2026-08-09,SLP-COOL-09,Retail-B2B,1562,40,65354,2229.29,213,282,12265.06
2026-08-09,SLP-COOL-09,Shopify,1577,43,68520,8426.72,274,405,23620.96
2026-08-09,SLP-COOL-09,Zepto,1540,9,13860,2376.84,34,44,8280.71
2026-08-09,SLP-GEL-02,Amazon,1392,253,353935,49942.32,1611,2382,125243.96
2026-08-09,SLP-GEL-02,Blinkit,1430,42,60060,8413.42,161,224,37920.66
2026-08-09,SLP-GEL-02,Flipkart,1451,182,266194,39830.65,1173,1595,104921.54
2026-08-09,SLP-GEL-02,Instamart,1430,21,30030,4678.49,92,121,17355.32
2026-08-09,SLP-GEL-02,Retail-B2B,1391,86,120877,4170.08,629,787,28045.77
2026-08-09,SLP-GEL-02,Shopify,1438,116,168931,24967.01,642,956,80298.22
2026-08-09,SLP-GEL-02,Zepto,1430,12,17160,2867.17,47,60,10304.64
2026-08-09,SLP-KIDS-10,Amazon,683,106,73641,11072.49,642,865,44242.99
2026-08-09,SLP-KIDS-10,Blinkit,710,21,14910,2126.86,76,97,9210.1
2026-08-09,SLP-KIDS-10,Flipkart,741,86,64392,7140.74,549,740,28446.2
2026-08-09,SLP-KIDS-10,Instamart,710,10,7100,1136.31,37,49,4233.14
2026-08-09,SLP-KIDS-10,Retail-B2B,679,34,24038,713.7,217,272,4567.75
2026-08-09,SLP-KIDS-10,Shopify,679,43,30594,4612.39,225,308,17596.8
2026-08-09,SLP-KIDS-10,Zepto,710,6,4260,705.83,21,29,2521.46
2026-08-09,SLP-KNEE-08,Amazon,889,141,127325,15499.13,778,1105,44728.9
2026-08-09,SLP-KNEE-08,Blinkit,850,26,22100,3142.31,95,133,13955.17
2026-08-09,SLP-KNEE-08,Flipkart,825,102,84969,8377.98,559,694,29355.47
2026-08-09,SLP-KNEE-08,Instamart,850,14,11900,1906.6,54,70,7096.74
2026-08-09,SLP-KNEE-08,Retail-B2B,870,38,35000,1359.23,226,287,8287.16
2026-08-09,SLP-KNEE-08,Shopify,828,59,50633,7102.31,434,637,19625.4
2026-08-09,SLP-KNEE-08,Zepto,850,7,5950,1034.79,26,36,3521.31
2026-08-09,SLP-LUM-06,Amazon,1155,227,263934,29553.71,1142,1594,105930.07
2026-08-09,SLP-LUM-06,Blinkit,910,30,27300,3880.35,118,169,17339.76
2026-08-09,SLP-LUM-06,Flipkart,1138,133,153832,17311.5,979,1261,46327.71
2026-08-09,SLP-LUM-06,Instamart,910,15,13650,2162.82,64,88,8266.99
2026-08-09,SLP-LUM-06,Retail-B2B,1173,50,60404,2326.78,273,340,10048.71
2026-08-09,SLP-LUM-06,Shopify,1163,61,72990,7339.78,375,506,21727.29
2026-08-09,SLP-LUM-06,Zepto,910,8,7280,1228.45,34,47,4212.44
2026-08-09,SLP-MIC-04,Amazon,925,246,229238,27291.22,1522,2071,90711.97
2026-08-09,SLP-MIC-04,Blinkit,860,46,39560,5583.36,200,275,24750.33
2026-08-09,SLP-MIC-04,Flipkart,955,160,153685,15070.88,824,1124,50430.98
2026-08-09,SLP-MIC-04,Instamart,860,23,19780,3087.8,87,121,11859.22
2026-08-09,SLP-MIC-04,Retail-B2B,949,63,61086,2543.2,343,445,11397.55
2026-08-09,SLP-MIC-04,Shopify,933,80,75070,8151.93,574,702,29608.7
2026-08-09,SLP-MIC-04,Zepto,860,13,11180,1862.46,50,69,6494.23
2026-08-09,SLP-PREG-05,Amazon,2369,196,468919,49693.18,1028,1390,167700.64
2026-08-09,SLP-PREG-05,Blinkit,2380,22,52360,7140.52,83,108,31309.34
2026-08-09,SLP-PREG-05,Flipkart,2298,153,355016,41826.15,1054,1447,155789.02
2026-08-09,SLP-PREG-05,Instamart,2380,12,28560,4681.01,46,62,18186.23
2026-08-09,SLP-PREG-05,Retail-B2B,2488,56,144137,4736.33,297,444,29430.09
2026-08-09,SLP-PREG-05,Shopify,2297,77,181127,22659.71,403,539,72175.66
2026-08-09,SLP-PREG-05,Zepto,2380,6,14280,2419.47,25,33,8358.87
2026-08-09,SLP-SHR-03,Amazon,1133,229,260731,39431.79,1377,1970,100456.52
2026-08-09,SLP-SHR-03,Blinkit,1190,32,38080,5333.55,126,158,23200.66
2026-08-09,SLP-SHR-03,Flipkart,1141,187,214831,25039.31,1245,1695,88240.92
2026-08-09,SLP-SHR-03,Instamart,1190,17,20230,3207.63,71,94,12531.04
2026-08-09,SLP-SHR-03,Retail-B2B,1168,65,78943,2349.22,365,496,19438.81
2026-08-09,SLP-SHR-03,Shopify,1154,108,126281,16839.16,814,1070,52715.71
2026-08-09,SLP-SHR-03,Zepto,1190,9,10710,1799.89,35,49,6416.27
2026-08-09,SLP-TRV-07,Amazon,615,195,120742,12925.34,987,1272,32380.69
2026-08-09,SLP-TRV-07,Blinkit,620,41,25420,3468.42,178,244,15594.58
2026-08-09,SLP-TRV-07,Flipkart,632,129,82379,11390.34,910,1206,30403.86
2026-08-09,SLP-TRV-07,Instamart,620,20,12400,2036.14,77,108,7648.93
2026-08-09,SLP-TRV-07,Retail-B2B,600,52,31861,1164.75,266,335,6423.56
2026-08-09,SLP-TRV-07,Shopify,606,63,39008,4925.41,359,468,18396.61
2026-08-09,SLP-TRV-07,Zepto,620,11,6820,1190.5,43,56,4287.86
2026-08-10,SLP-BAM-01,Amazon,1484,164,245978,32065.06,844,1200,113989.02
2026-08-10,SLP-BAM-01,Amazon,1484,164,245978,32065.06,844,1200,113989.02
2026-08-10,SLP-BAM-01,Blinkit,1420,37,52540,7367.72,159,224,33324.9
2026-08-10,SLP-BAM-01,Flipkart,1456,209,306944,42563.07,1361,1907,126767.96
2026-08-10,SLP-BAM-01,Instamart,1420,19,26980,4199.66,81,108,15881.94
2026-08-10,SLP-BAM-01,Retail-B2B,1451,74,109746,3772.89,402,562,17616.37
2026-08-10,SLP-BAM-01,Shopify,1439,102,148205,15815.36,526,710,60028.71
2026-08-10,SLP-BAM-01,Zepto,1420,10,14200,2370.47,44,59,8068.61
2026-08-10,SLP-COOL-09,Amazon,1613,126,205063,19890.81,909,1339,78027.28
2026-08-10,SLP-COOL-09,Amazon,1613,126,205063,19890.81,909,1339,78027.28
2026-08-10,SLP-COOL-09,Blinkit,1540,32,49280,6795.71,139,189,30154.41
2026-08-10,SLP-COOL-09,Flipkart,1520,81,127196,15146.63,494,704,41256.79
2026-08-10,SLP-COOL-09,Instamart,1540,16,24640,4038.24,56,75,15434.38
2026-08-10,SLP-COOL-09,Retail-B2B,1571,43,68259,2790.22,248,350,11666.04
2026-08-10,SLP-COOL-09,Shopify,1546,46,72148,8947.17,341,477,35416.79
2026-08-10,SLP-COOL-09,Zepto,1540,9,13860,2362.28,38,48,8145.6
2026-08-10,SLP-GEL-02,Amazon,1379,323,448274,57449.41,2066,2562,227021.64
2026-08-10,SLP-GEL-02,Amazon,1379,323,448274,57449.41,2066,2562,227021.64
2026-08-10,SLP-GEL-02,Blinkit,1430,42,60060,8582.9,158,221,38560.46
2026-08-10,SLP-GEL-02,Flipkart,1391,158,221610,24353.31,1030,1505,85492.49
2026-08-10,SLP-GEL-02,Instamart,1430,22,31460,4925.95,90,116,18639.14
2026-08-10,SLP-GEL-02,Retail-B2B,1471,81,120727,3354.89,555,759,27457.64
2026-08-10,SLP-GEL-02,Shopify,1463,93,138906,18529.72,671,823,71957.19
2026-08-10,SLP-GEL-02,Zepto,1430,12,17160,2966.36,45,57,10610.13
2026-08-10,SLP-KIDS-10,Amazon,714,132,95367,10862.51,669,990,42749.73
2026-08-10,SLP-KIDS-10,Amazon,714,132,95367,10862.51,669,990,42749.73
2026-08-10,SLP-KIDS-10,Blinkit,710,20,14200,2036.34,78,112,8770.31
2026-08-10,SLP-KIDS-10,Flipkart,734,84,62602,7983,504,685,29243.89
2026-08-10,SLP-KIDS-10,Instamart,710,10,7100,1147.2,44,55,4250.97
2026-08-10,SLP-KIDS-10,Retail-B2B,723,27,20942,869.7,180,242,4569.45
2026-08-10,SLP-KIDS-10,Shopify,677,34,23967,3722.86,197,272,11981.58
2026-08-10,SLP-KIDS-10,Zepto,710,6,4260,741.12,26,34,2631.79
2026-08-10,SLP-KNEE-08,Amazon,891,182,163459,20004.9,1328,1741,75210.36
2026-08-10,SLP-KNEE-08,Amazon,891,182,163459,20004.9,1328,1741,75210.36
2026-08-10,SLP-KNEE-08,Blinkit,850,26,22100,3084.93,91,114,13451.19
2026-08-10,SLP-KNEE-08,Flipkart,847,98,84508,8677.47,590,855,25987.27
2026-08-10,SLP-KNEE-08,Instamart,850,14,11900,1904.84,56,74,7450.48
2026-08-10,SLP-KNEE-08,Retail-B2B,855,46,39901,1077.59,311,397,8953.9
2026-08-10,SLP-KNEE-08,Shopify,862,59,52712,5638.21,343,507,15329.64
2026-08-10,SLP-KNEE-08,Zepto,850,7,5950,1011.27,30,40,3538.92
2026-08-10,SLP-LUM-06,Amazon,699,198,139483,17253.69,1386,1733,47488.2
2026-08-10,SLP-LUM-06,Amazon,699,198,139483,17253.69,1386,1733,47488.2
2026-08-10,SLP-LUM-06,Blinkit,910,30,27300,3761.41,116,145,17041.27
2026-08-10,SLP-LUM-06,Flipkart,699,127,89989,12662.18,909,1153,39488.13
2026-08-10,SLP-LUM-06,Instamart,910,15,13650,2201.78,56,70,8608.25
2026-08-10,SLP-LUM-06,Retail-B2B,699,53,38245,952.47,322,446,9002.64
2026-08-10,SLP-LUM-06,Shopify,699,74,52869,6709.03,387,468,23231.45
2026-08-10,SLP-LUM-06,Zepto,910,8,7280,1254.46,32,45,4279.68
2026-08-10,SLP-MIC-04,Amazon,933,247,232722,28680.11,1244,1698,92687.85
2026-08-10,SLP-MIC-04,Amazon,933,247,232722,28680.11,1244,1698,92687.85
2026-08-10,SLP-MIC-04,Blinkit,860,48,41280,5896.81,205,261,26179.42
2026-08-10,SLP-MIC-04,Flipkart,932,164,154482,23132.86,863,1074,61545.54
2026-08-10,SLP-MIC-04,Instamart,860,25,21500,3407.97,103,144,13131.29
2026-08-10,SLP-MIC-04,Retail-B2B,980,63,63082,1582.45,450,576,10070.37
2026-08-10,SLP-MIC-04,Shopify,299,90,27426,3024.69,459,662,11996.58
2026-08-10,SLP-MIC-04,Zepto,860,13,11180,1880.21,54,70,6414.93
2026-08-10,SLP-PREG-05,Amazon,2400,213,517539,61297.84,1602,2030,205194.72
2026-08-10,SLP-PREG-05,Amazon,2400,213,517539,61297.84,1602,2030,205194.72
2026-08-10,SLP-PREG-05,Blinkit,2380,23,54740,7815.23,83,115,34791.55
2026-08-10,SLP-PREG-05,Flipkart,2405,145,352195,34056.35,790,1066,85623.63
2026-08-10,SLP-PREG-05,Instamart,2380,12,28560,4523.68,48,67,16720.01
2026-08-10,SLP-PREG-05,Retail-B2B,2391,65,157757,4991.67,420,612,38039.36
2026-08-10,SLP-PREG-05,Shopify,2329,87,206138,27588.28,607,745,104485.89
2026-08-10,SLP-PREG-05,Zepto,2380,7,16660,2819.64,26,32,9981.1
2026-08-10,SLP-SHR-03,Amazon,1238,267,330717,31700.67,1904,2791,89304.77
2026-08-10,SLP-SHR-03,Amazon,1238,267,330717,31700.67,1904,2791,89304.77
2026-08-10,SLP-SHR-03,Blinkit,1190,33,39270,5334.6,123,174,22879.65
2026-08-10,SLP-SHR-03,Flipkart,1245,188,236416,26656.59,1221,1740,105085.71
2026-08-10,SLP-SHR-03,Instamart,1190,17,20230,3291.01,71,97,12479.29
2026-08-10,SLP-SHR-03,Retail-B2B,1160,68,80269,2263.0,357,445,19655.28
2026-08-10,SLP-SHR-03,Shopify,1190,81,97665,9554.72,591,809,37152.36
2026-08-10,SLP-SHR-03,Zepto,1190,9,10710,1804.59,33,47,6504.85
2026-08-10,SLP-TRV-07,Amazon,634,201,128553,15091.34,1175,1676,58023.01
2026-08-10,SLP-TRV-07,Amazon,634,201,128553,15091.34,1175,1676,58023.01
2026-08-10,SLP-TRV-07,Blinkit,620,40,24800,3519.34,144,188,15510.9
2026-08-10,SLP-TRV-07,Flipkart,621,126,78948,9029.76,933,1230,32990.3
2026-08-10,SLP-TRV-07,Instamart,620,22,13640,2125.19,87,113,8209.55
2026-08-10,SLP-TRV-07,Retail-B2B,599,38,24097,614.89,227,339,5547.75
2026-08-10,SLP-TRV-07,Shopify,640,71,46346,6405.59,535,650,20825.79
2026-08-10,SLP-TRV-07,Zepto,620,11,6820,1129.84,42,59,3987.07
2026-08-11,SLP-BAM-01,Amazon,1426,182,261608,39684.19,1221,1707,124916.78
2026-08-11,SLP-BAM-01,Blinkit,1420,38,53960,7759.63,156,219,33410.59
2026-08-11,SLP-BAM-01,Flipkart,1393,198,277971,38686.01,1044,1254,115091.55
2026-08-11,SLP-BAM-01,Instamart,1420,19,26980,4319.07,70,89,16039.6
2026-08-11,SLP-BAM-01,Retail-B2B,1453,74,109897,4194.48,426,528,23789.55
2026-08-11,SLP-BAM-01,Shopify,1487,114,172294,24603.9,599,746,87827.63
2026-08-11,SLP-BAM-01,Zepto,1420,10,14200,2363.91,42,57,8352.48
2026-08-11,SLP-COOL-09,Amazon,1619,132,216248,27610.98,672,877,85927.2
2026-08-11,SLP-COOL-09,Blinkit,1540,32,49280,6720.06,123,163,30062.38
2026-08-11,SLP-COOL-09,Flipkart,1636,97,160597,24003.01,627,784,95226.17
2026-08-11,SLP-COOL-09,Instamart,1540,17,26180,4069.74,65,91,15515.14
2026-08-11,SLP-COOL-09,Retail-B2B,1587,34,56185,1631.72,202,272,10028.68
2026-08-11,SLP-COOL-09,Shopify,1634,47,78884,8943.36,275,361,27526.38
2026-08-11,SLP-COOL-09,Zepto,1540,9,13860,2365.19,31,39,8439.71
2026-08-11,SLP-GEL-02,Amazon,1490,281,422014,50378.99,1462,1864,162540.1
2026-08-11,SLP-GEL-02,Blinkit,1430,43,61490,8662.88,191,252,38526.19
2026-08-11,SLP-GEL-02,Flipkart,1357,166,227111,29921.85,969,1260,110893.81
2026-08-11,SLP-GEL-02,Instamart,1430,22,31460,5067.41,83,120,18778.08
2026-08-11,SLP-GEL-02,Retail-B2B,1377,84,117444,4924.44,630,781,21747.63
2026-08-11,SLP-GEL-02,Shopify,1463,106,157740,20523.7,564,728,57329.31
2026-08-11,SLP-GEL-02,Zepto,1430,12,17160,2930.64,51,67,10350.25
2026-08-11,SLP-KIDS-10,Amazon,725,136,99169,10481.5,1007,1501,31143.42
2026-08-11,SLP-KIDS-10,Blinkit,710,20,14200,1996.82,77,106,8801.54
2026-08-11,SLP-KIDS-10,Flipkart,688,72,50929,5107.63,476,649,17088.98
2026-08-11,SLP-KIDS-10,Instamart,710,10,7100,1137.75,43,54,4393.27
2026-08-11,SLP-KIDS-10,Retail-B2B,698,31,22464,904.33,236,315,4686.8
2026-08-11,SLP-KIDS-10,Shopify,728,40,30458,3768.58,233,305,12676.82
2026-08-11,SLP-KIDS-10,Zepto,710,6,4260,724.11,22,31,2553.72
2026-08-11,SLP-KNEE-08,Amazon,836,157,131842,14676.02,1105,1589,51942.15
2026-08-11,SLP-KNEE-08,Blinkit,850,26,22100,3022.24,103,136,13485.89
2026-08-11,SLP-KNEE-08,Flipkart,829,87,73373,11356.35,528,713,36554.41
2026-08-11,SLP-KNEE-08,Instamart,850,15,12750,2057.42,62,81,7794.73
2026-08-11,SLP-KNEE-08,Retail-B2B,817,46,38127,1032.59,295,423,8316.22
2026-08-11,SLP-KNEE-08,Shopify,863,59,51384,6811.96,393,555,19502.86
2026-08-11,SLP-KNEE-08,Zepto,850,8,6800,1177.13,30,37,4165.68
2026-08-11,SLP-LUM-06,Amazon,699,195,137234,18233.97,1351,1887,47909.26
2026-08-11,SLP-LUM-06,Blinkit,910,30,27300,3767.37,118,171,16338.02
2026-08-11,SLP-LUM-06,Flipkart,699,114,80989,8851.38,725,996,28908.73
2026-08-11,SLP-LUM-06,Instamart,910,16,14560,2368.77,58,83,9076.83
2026-08-11,SLP-LUM-06,Retail-B2B,699,52,37120,959.13,365,502,6538.98
2026-08-11,SLP-LUM-06,Shopify,699,65,46119,7117.77,393,560,25027.56
2026-08-11,SLP-LUM-06,Zepto,910,8,7280,1233.12,29,39,4311.84
2026-08-11,SLP-MIC-04,Amazon,949,229,218387,20689.38,1381,2055,54968.04
2026-08-11,SLP-MIC-04,Blinkit,860,46,39560,5676.8,166,235,24964.73
2026-08-11,SLP-MIC-04,Flipkart,951,150,143857,17326.04,871,1123,61423.32
2026-08-11,SLP-MIC-04,Instamart,860,24,20640,3383.78,86,110,12515.36
2026-08-11,SLP-MIC-04,Retail-B2B,919,55,51761,1784.3,398,554,8262.84
2026-08-11,SLP-MIC-04,Shopify,299,90,27426,2797.91,559,705,8303.74
2026-08-11,SLP-MIC-04,Zepto,860,13,11180,1925.5,56,80,6833.95
2026-08-11,SLP-PREG-05,Amazon,2330,200,468698,72343.6,1087,1356,207327.31
2026-08-11,SLP-PREG-05,Blinkit,2380,23,54740,7846.92,82,113,34412.74
2026-08-11,SLP-PREG-05,Flipkart,2391,123,296276,38922.19,798,1050,108825.92
2026-08-11,SLP-PREG-05,Instamart,2380,12,28560,4520.98,46,66,17395.5
2026-08-11,SLP-PREG-05,Retail-B2B,2323,53,127103,4109.26,374,539,30135.48
2026-08-11,SLP-PREG-05,Shopify,2360,89,212679,22888.2,489,680,71126.71
2026-08-11,SLP-PREG-05,Zepto,2380,7,16660,2810.2,26,34,9872.08
2026-08-11,SLP-SHR-03,Amazon,1242,233,289812,42716.98,1349,1803,118771.99
2026-08-11,SLP-SHR-03,Blinkit,1190,34,40460,5603.08,121,164,24427.86
2026-08-11,SLP-SHR-03,Flipkart,1176,160,189249,27583.29,1125,1588,94501.57
2026-08-11,SLP-SHR-03,Instamart,1190,18,21420,3498.34,74,100,13094.77
2026-08-11,SLP-SHR-03,Retail-B2B,1212,72,89719,3678.57,383,474,20406.86
2026-08-11,SLP-SHR-03,Shopify,1217,105,129258,16287.01,685,947,56331.28
2026-08-11,SLP-SHR-03,Zepto,1190,9,10710,1793.16,34,45,6124.23
2026-08-11,SLP-TRV-07,Amazon,642,173,111579,11669.56,1084,1436,41312.05
2026-08-11,SLP-TRV-07,Blinkit,620,41,25420,3633.83,181,249,16192.05
2026-08-11,SLP-TRV-07,Flipkart,585,116,68722,8496.77,675,901,23030.03
2026-08-11,SLP-TRV-07,Instamart,620,20,12400,1960.53,80,102,7464.98
2026-08-11,SLP-TRV-07,Retail-B2B,646,43,29107,892.12,225,279,4756.38
2026-08-11,SLP-TRV-07,Shopify,641,59,39198,4106.16,409,569,14179.61
2026-08-11,SLP-TRV-07,Zepto,620,11,6820,1141.89,40,52,4084.21
2026-08-12,SLP-BAM-01,Amazon,1377,218,301370,130996.2,1314,1907,462029.49
2026-08-12,SLP-BAM-01,Blinkit,1420,37,52540,7272.94,147,198,32506.14
2026-08-12,SLP-BAM-01,Flipkart,1419,173,246622,29996.34,1194,1629,108400.09
2026-08-12,SLP-BAM-01,Instamart,1420,19,26980,4320.82,78,100,16249.64
2026-08-12,SLP-BAM-01,Retail-B2B,1483,69,105006,3504.19,488,706,19923.91
2026-08-12,SLP-BAM-01,Shopify,1426,97,139982,13316.34,559,716,48492.58
2026-08-12,SLP-BAM-01,Zepto,1420,10,14200,2437.5,38,48,8544.29
2026-08-12,SLP-COOL-09,Amazon,1589,148,237812,22781.46,947,1417,81522.78
2026-08-12,SLP-COOL-09,Blinkit,1540,34,52360,7246.19,151,204,30971.08
2026-08-12,SLP-COOL-09,Flipkart,1592,95,153716,18522,666,846,73920.13
2026-08-12,SLP-COOL-09,Instamart,1540,18,27720,4498.89,69,97,16889.85
2026-08-12,SLP-COOL-09,Retail-B2B,1516,38,60989,1847.54,235,332,13934.92
2026-08-12,SLP-COOL-09,Shopify,1633,50,84092,11764.63,383,511,34665.23
2026-08-12,SLP-COOL-09,Zepto,1540,9,13860,2333.91,38,52,8097.27
2026-08-12,SLP-GEL-02,Amazon,1405,258,364023,37080.31,1421,1730,104193.06
2026-08-12,SLP-GEL-02,Blinkit,1430,46,65780,9051.8,163,219,39476.39
2026-08-12,SLP-GEL-02,Flipkart,1459,193,284097,43878.56,1014,1509,154406.41
2026-08-12,SLP-GEL-02,Instamart,1430,23,32890,5328.31,99,131,20004.35
2026-08-12,SLP-GEL-02,Retail-B2B,1382,86,120095,4640.91,646,943,21372.53
2026-08-12,SLP-GEL-02,Shopify,1447,95,139715,17700.59,648,833,52844.76
2026-08-12,SLP-GEL-02,Zepto,1430,12,17160,2951.04,44,57,10396.86
2026-08-12,SLP-KIDS-10,Amazon,740,132,98840,10746.52,939,1341,38333.83
2026-08-12,SLP-KIDS-10,Blinkit,710,21,14910,2106.72,84,119,9253.21
2026-08-12,SLP-KIDS-10,Flipkart,702,84,59873,5927.27,482,713,19402.45
2026-08-12,SLP-KIDS-10,Instamart,710,10,7100,1168.71,42,58,4463.4
2026-08-12,SLP-KIDS-10,Retail-B2B,722,34,25560,810.85,204,244,6286.55
2026-08-12,SLP-KIDS-10,Shopify,699,38,26995,3485.09,231,308,10117.48
2026-08-12,SLP-KIDS-10,Zepto,710,6,4260,712.24,22,28,2563.57
2026-08-12,SLP-KNEE-08,Amazon,830,169,141582,19627.74,1129,1476,62566.83
2026-08-12,SLP-KNEE-08,Blinkit,850,27,22950,3286.73,115,152,14659.02
2026-08-12,SLP-KNEE-08,Flipkart,825,95,79658,10285.77,596,776,34449.24
2026-08-12,SLP-KNEE-08,Instamart,850,14,11900,1849.92,62,87,7018.98
2026-08-12,SLP-KNEE-08,Retail-B2B,838,38,32364,1406.5,201,288,7368.69
2026-08-12,SLP-KNEE-08,Shopify,894,59,54669,5835.81,336,430,18350.5
2026-08-12,SLP-KNEE-08,Zepto,850,8,6800,1170.22,30,43,4050.81
2026-08-12,SLP-LUM-06,Amazon,699,204,143983,17369.07,1514,1908,43440.29
2026-08-12,SLP-LUM-06,Blinkit,910,30,27300,3838.12,121,153,16578.33
2026-08-12,SLP-LUM-06,Flipkart,699,130,92238,9546.46,756,1065,29541.64
2026-08-12,SLP-LUM-06,Instamart,910,16,14560,2340.45,65,83,9011.85
2026-08-12,SLP-LUM-06,Retail-B2B,699,55,39369,1516.19,280,376,8121.99
2026-08-12,SLP-LUM-06,Shopify,699,71,50617,5218.31,409,571,20346.65
2026-08-12,SLP-LUM-06,Zepto,910,9,8190,1373.38,37,49,4697.77
2026-08-12,SLP-MIC-04,Amazon,986,219,217382,29447.64,1477,2134,74029.32
2026-08-12,SLP-MIC-04,Blinkit,860,47,40420,5748.57,210,291,24959.41
2026-08-12,SLP-MIC-04,Flipkart,989,141,141647,20957.7,987,1407,56705.12
2026-08-12,SLP-MIC-04,Instamart,860,24,20640,3326.12,87,120,12897.98
2026-08-12,SLP-MIC-04,Retail-B2B,986,71,71402,2834.32,385,523,12094.59
2026-08-12,SLP-MIC-04,Shopify,299,90,27426,2781.72,543,770,7249.84
2026-08-12,SLP-MIC-04,Zepto,860,13,11180,1936.91,55,71,6964.1
2026-08-12,SLP-PREG-05,Amazon,2497,234,586677,70728.65,1534,1910,253466.59
2026-08-12,SLP-PREG-05,Blinkit,2380,23,54740,7882.05,98,129,34460.25
2026-08-12,SLP-PREG-05,Flipkart,2352,136,325509,49824.62,736,944,148066.59
2026-08-12,SLP-PREG-05,Instamart,2380,12,28560,4692.49,42,55,17414.09
2026-08-12,SLP-PREG-05,Retail-B2B,2478,59,151534,6400.51,395,545,23878.72
2026-08-12,SLP-PREG-05,Shopify,2397,81,200584,29415.52,436,621,77363.76
2026-08-12,SLP-PREG-05,Zepto,2380,7,16660,2868.59,27,35,9947.51
2026-08-12,SLP-SHR-03,Amazon,1152,279,322573,47063.03,1601,2169,164137.4
2026-08-12,SLP-SHR-03,Blinkit,1190,35,41650,5920.2,140,189,25578.53
2026-08-12,SLP-SHR-03,Flipkart,1188,146,175885,21854.64,930,1388,74106.78
2026-08-12,SLP-SHR-03,Instamart,1190,17,20230,3273.8,72,103,12373.54
2026-08-12,SLP-SHR-03,Retail-B2B,1126,80,90601,3166.67,426,621,19445.53
2026-08-12,SLP-SHR-03,Shopify,1186,102,122148,13628.88,741,1101,35187.77
2026-08-12,SLP-SHR-03,Zepto,1190,9,10710,1788.15,39,54,6273.01
2026-08-12,SLP-TRV-07,Amazon,613,175,108512,14719.58,1299,1859,53639.46
2026-08-12,SLP-TRV-07,Blinkit,620,39,24180,3311.48,154,206,14424.55
2026-08-12,SLP-TRV-07,Flipkart,617,118,73475,9136.39,799,978,28534.3
2026-08-12,SLP-TRV-07,Instamart,620,22,13640,2213.28,80,103,8189.58
2026-08-12,SLP-TRV-07,Retail-B2B,615,48,30679,1159.22,282,364,4793.69
2026-08-12,SLP-TRV-07,Shopify,648,53,35454,3882.45,280,402,9938.06
2026-08-12,SLP-TRV-07,Zepto,620,11,6820,1167.45,41,56,4107.36
2026-08-13,SLP-BAM-01,Amazon,1423,174,249607,109139.34,1148,1665,336814.62
2026-08-13,SLP-BAM-01,Blinkit,1420,37,52540,7416.48,144,200,31756.31
2026-08-13,SLP-BAM-01,Flipkart,1487,187,279978,33984.57,1080,1536,115997.79
2026-08-13,SLP-BAM-01,Instamart,1420,19,26980,4253.93,80,112,15860.58
2026-08-13,SLP-BAM-01,Retail-B2B,1388,69,98280,3056.69,476,671,22220.4
2026-08-13,SLP-BAM-01,Shopify,1397,95,134887,18429.3,683,831,66252.18
2026-08-13,SLP-BAM-01,Zepto,1420,11,15620,2695.99,39,52,9647.22
2026-08-13,SLP-COOL-09,Amazon,1622,153,250581,31500.62,1044,1305,115748.42
2026-08-13,SLP-COOL-09,Blinkit,1540,33,50820,7230.39,133,190,30869.19
2026-08-13,SLP-COOL-09,Flipkart,1516,81,124421,12091.23,525,642,43147.37
2026-08-13,SLP-COOL-09,Instamart,1540,18,27720,4503.67,78,111,16780.73
2026-08-13,SLP-COOL-09,Retail-B2B,1574,35,58257,1856.74,229,313,13058.51
2026-08-13,SLP-COOL-09,Shopify,1629,50,83886,9220.22,354,427,35309.96
2026-08-13,SLP-COOL-09,Zepto,1540,10,15400,2551.73,35,47,8965.44
2026-08-13,SLP-GEL-02,Amazon,1444,267,385747,38422.27,1807,2292,129132.2
2026-08-13,SLP-GEL-02,Blinkit,1430,44,62920,9038.73,175,225,40673.36
2026-08-13,SLP-GEL-02,Flipkart,1477,198,294733,43176.87,1445,2055,143748.63
2026-08-13,SLP-GEL-02,Instamart,1430,24,34320,5496.23,100,128,20367.8
2026-08-13,SLP-GEL-02,Retail-B2B,1437,71,104062,3183.16,434,614,18156.58
2026-08-13,SLP-GEL-02,Shopify,1423,89,128238,18829.7,553,727,53981.5
2026-08-13,SLP-GEL-02,Zepto,1430,12,17160,2929.93,45,60,10039.31
2026-08-13,SLP-KIDS-10,Amazon,729,103,76254,8874.3,754,945,28868.64
2026-08-13,SLP-KIDS-10,Blinkit,710,21,14910,2065.0,92,116,9165.54
2026-08-13,SLP-KIDS-10,Flipkart,686,71,49676,6337.89,396,542,15920.49
2026-08-13,SLP-KIDS-10,Instamart,710,11,7810,1236.37,41,53,4627.18
2026-08-13,SLP-KIDS-10,Retail-B2B,727,31,23397,1010.44,197,271,4550.62
2026-08-13,SLP-KIDS-10,Shopify,689,43,31044,4734.41,276,354,12325.51
2026-08-13,SLP-KIDS-10,Zepto,710,6,4260,711.4,21,28,2502.32
2026-08-13,SLP-KNEE-08,Amazon,855,22,20638,2174.38,165,210,8372.81
2026-08-13,SLP-KNEE-08,Blinkit,850,27,22950,3219.78,119,170,14356.69
2026-08-13,SLP-KNEE-08,Flipkart,814,13,11788,1580.44,98,120,5963.8
2026-08-13,SLP-KNEE-08,Instamart,850,14,11900,1955.87,59,73,7343.99
2026-08-13,SLP-KNEE-08,Retail-B2B,852,5,5484,234.59,39,47,1349.17
2026-08-13,SLP-KNEE-08,Shopify,899,6,7233,778.98,56,81,2352.24
2026-08-13,SLP-KNEE-08,Zepto,850,8,6800,1152.77,31,39,4037.9
2026-08-13,SLP-LUM-06,Amazon,699,182,128235,19294.17,1149,1620,74204.05
2026-08-13,SLP-LUM-06,Blinkit,910,30,27300,3909.66,132,191,16867.87
2026-08-13,SLP-LUM-06,Flipkart,699,132,93363,10076.23,768,1106,29135.28
2026-08-13,SLP-LUM-06,Instamart,910,16,14560,2356.54,57,74,8719.59
2026-08-13,SLP-LUM-06,Retail-B2B,699,52,37120,1021.2,299,365,6734.96
2026-08-13,SLP-LUM-06,Shopify,699,65,46119,4572.76,462,564,12347.69
2026-08-13,SLP-LUM-06,Zepto,910,9,8190,1417.94,35,49,5029.28
2026-08-13,SLP-MIC-04,Amazon,979,259,255226,33063.05,1402,1878,90365.15
2026-08-13,SLP-MIC-04,Blinkit,860,48,41280,5777.6,214,307,26087.39
2026-08-13,SLP-MIC-04,Flipkart,988,136,135145,18358.49,916,1110,68653.04
2026-08-13,SLP-MIC-04,Instamart,860,25,21500,3440.52,105,137,13383.92
2026-08-13,SLP-MIC-04,Retail-B2B,916,59,54539,1400.32,309,393,9649.76
2026-08-13,SLP-MIC-04,Shopify,299,90,27426,4200.48,526,673,11809.46
2026-08-13,SLP-MIC-04,Zepto,860,13,11180,1909.53,49,61,6501.02
2026-08-13,SLP-PREG-05,Amazon,2411,224,543191,73488.65,1674,2024,212400.58
2026-08-13,SLP-PREG-05,Blinkit,2380,25,59500,8084.73,90,130,35717.87
2026-08-13,SLP-PREG-05,Flipkart,2465,120,301480,43657.2,647,936,173487.2
2026-08-13,SLP-PREG-05,Instamart,2380,12,28560,4683.69,49,63,17579.15
2026-08-13,SLP-PREG-05,Retail-B2B,2406,61,151002,6133.47,412,566,29272.32
2026-08-13,SLP-PREG-05,Shopify,2398,77,189090,26415.37,482,694,75938.35
2026-08-13,SLP-PREG-05,Zepto,2380,7,16660,2906.05,31,38,9908.16
2026-08-13,SLP-SHR-03,Amazon,1217,288,352524,33336.55,2089,2784,86565.29
2026-08-13,SLP-SHR-03,Blinkit,1190,33,39270,5659.14,131,188,24964.91
2026-08-13,SLP-SHR-03,Flipkart,1229,170,211623,30530.86,868,1219,94416.62
2026-08-13,SLP-SHR-03,Instamart,1190,17,20230,3169.45,69,91,12222.93
2026-08-13,SLP-SHR-03,Retail-B2B,1228,65,81022,3366.64,358,459,16049.37
2026-08-13,SLP-SHR-03,Shopify,1233,106,132943,19243.04,547,732,57677.64
2026-08-13,SLP-SHR-03,Zepto,1190,10,11900,2055.65,44,60,7309.53
2026-08-13,SLP-TRV-07,Amazon,592,157,93362,12294.61,899,1189,35269.27
2026-08-13,SLP-TRV-07,Blinkit,620,42,26040,3638.6,151,193,15714.76
2026-08-13,SLP-TRV-07,Flipkart,615,118,73236,10477.17,884,1268,38684.53
2026-08-13,SLP-TRV-07,Instamart,620,21,13020,2079.55,87,112,7920.08
2026-08-13,SLP-TRV-07,Retail-B2B,626,47,30221,1172.57,298,439,6331.03
2026-08-13,SLP-TRV-07,Shopify,614,53,33594,3715.46,299,438,10053.49
2026-08-13,SLP-TRV-07,Zepto,620,11,6820,1193.69,48,68,4148.46
2026-08-14,SLP-BAM-01,Amazon,1424,184,263532,111665.94,1332,1909,315850.49
2026-08-14,SLP-BAM-01,Blinkit,1420,38,53960,7637.23,153,211,33930.02
2026-08-14,SLP-BAM-01,Flipkart,1484,200,298517,32769.08,1458,1774,122046.07
2026-08-14,SLP-BAM-01,Instamart,1420,18,25560,4128.91,68,85,15427.25
2026-08-14,SLP-BAM-01,Retail-B2B,1350,71,97762,3351.14,512,736,20994.13
2026-08-14,SLP-BAM-01,Shopify,1491,127,191952,24207.07,959,1431,88362.18
2026-08-14,SLP-BAM-01,Zepto,1420,11,15620,2725.05,39,56,9802.1
2026-08-14,SLP-COOL-09,Amazon,1485,43,66824,4983.12,79,113,16610.4
2026-08-14,SLP-COOL-09,Blinkit,1540,34,52360,7188.98,136,189,31702.22
2026-08-14,SLP-COOL-09,Flipkart,1485,52,81676,6090.48,74,95,20301.6
2026-08-14,SLP-COOL-09,Instamart,1540,19,29260,4788.26,78,104,18644.72
2026-08-14,SLP-COOL-09,Retail-B2B,1485,52,81676,6090.48,61,77,20301.6
2026-08-14,SLP-COOL-09,Shopify,1485,26,42074,3137.52,97,132,10458.4
2026-08-14,SLP-COOL-09,Zepto,1540,10,15400,2577.57,37,53,9078.01
2026-08-14,SLP-GEL-02,Amazon,1421,245,349874,52568.21,1303,1843,147306.46
2026-08-14,SLP-GEL-02,Blinkit,1430,44,62920,8546.37,167,231,36527.2
2026-08-14,SLP-GEL-02,Flipkart,1383,193,269299,39504.15,1148,1701,155679.46
2026-08-14,SLP-GEL-02,Instamart,1430,23,32890,5411.52,95,133,21108.62
2026-08-14,SLP-GEL-02,Retail-B2B,1440,65,97327,2532.21,386,479,21129.69
2026-08-14,SLP-GEL-02,Shopify,1362,112,155618,17634.47,734,1082,44665.81
2026-08-14,SLP-GEL-02,Zepto,1430,13,18590,3212.54,52,68,11163.38
2026-08-14,SLP-KIDS-10,Amazon,738,136,100948,14376.73,900,1127,56658.59
2026-08-14,SLP-KIDS-10,Blinkit,710,21,14910,2091.4,78,102,9380.7
2026-08-14,SLP-KIDS-10,Flipkart,736,71,53297,7248.31,491,728,19505.37
2026-08-14,SLP-KIDS-10,Instamart,710,11,7810,1243.33,42,58,4625.21
2026-08-14,SLP-KIDS-10,Retail-B2B,678,29,20730,565.79,227,338,3784.11
2026-08-14,SLP-KIDS-10,Shopify,677,40,28325,4275.25,231,318,15735
2026-08-14,SLP-KIDS-10,Zepto,710,6,4260,724.76,21,30,2536.25
2026-08-14,SLP-KNEE-08,Amazon,897,22,21651,3257.51,133,182,12871.39
2026-08-14,SLP-KNEE-08,Blinkit,850,27,22950,3297.32,97,136,14704.09
2026-08-14,SLP-KNEE-08,Flipkart,820,13,11875,1630.22,103,137,5638.37
2026-08-14,SLP-KNEE-08,Instamart,850,14,11900,1943.91,58,81,7298.54
2026-08-14,SLP-KNEE-08,Retail-B2B,876,5,5638,229.61,33,42,1362.73
2026-08-14,SLP-KNEE-08,Shopify,815,6,6556,914.98,59,73,2614.09
2026-08-14,SLP-KNEE-08,Zepto,850,8,6800,1179.56,30,39,4231.09
2026-08-14,SLP-LUM-06,Amazon,699,190,133859,18570.86,1373,1850,73422.73
2026-08-14,SLP-LUM-06,Blinkit,910,31,28210,4012.45,108,139,18061.29
2026-08-14,SLP-LUM-06,Flipkart,699,130,92238,10288.06,968,1183,30638.62
2026-08-14,SLP-LUM-06,Instamart,910,17,15470,2484.47,68,86,9705.97
2026-08-14,SLP-LUM-06,Retail-B2B,699,55,39369,1267.01,356,523,9169.11
2026-08-14,SLP-LUM-06,Shopify,699,65,47244,5811.38,445,625,22060.44
2026-08-14,SLP-LUM-06,Zepto,910,9,8190,1369.02,33,47,4689.77
2026-08-14,SLP-MIC-04,Amazon,990,246,245347,32224.63,1251,1854,103895.6
2026-08-14,SLP-MIC-04,Blinkit,860,46,39560,5383.41,193,243,23825.98
2026-08-14,SLP-MIC-04,Flipkart,930,161,151157,20946.15,921,1170,60699.79
2026-08-14,SLP-MIC-04,Instamart,860,24,20640,3243.62,106,150,12434.25
2026-08-14,SLP-MIC-04,Retail-B2B,995,63,64047,1981.54,454,565,12652.96
2026-08-14,SLP-MIC-04,Shopify,299,90,27426,2824.2,502,631,7489.46
2026-08-14,SLP-MIC-04,Zepto,860,13,11180,1891.2,49,64,6481.15
2026-08-14,SLP-PREG-05,Amazon,2409,218,527234,58793.75,1414,1781,205368.35
2026-08-14,SLP-PREG-05,Blinkit,2380,24,57120,7949.91,89,126,34422.04
2026-08-14,SLP-PREG-05,Flipkart,2400,141,343739,46159.82,905,1136,121709.84
2026-08-14,SLP-PREG-05,Instamart,2380,12,28560,4631.18,45,62,17271.66
2026-08-14,SLP-PREG-05,Retail-B2B,2278,56,131972,3855.06,352,450,32108.85
2026-08-14,SLP-PREG-05,Shopify,2493,71,180534,20101.44,511,660,52724.15
2026-08-14,SLP-PREG-05,Zepto,2380,7,16660,2832.08,29,37,10004.23
2026-08-14,SLP-SHR-03,Amazon,1191,242,289411,31806,1662,2327,82455.75
2026-08-14,SLP-SHR-03,Blinkit,1190,33,39270,5499.09,142,198,23890.06
2026-08-14,SLP-SHR-03,Flipkart,1144,184,211713,25241.52,1318,1769,83379.6
2026-08-14,SLP-SHR-03,Instamart,1190,18,21420,3504.03,76,106,13066.18
2026-08-14,SLP-SHR-03,Retail-B2B,1139,69,80649,2209.28,365,536,18318.5
2026-08-14,SLP-SHR-03,Shopify,1239,90,113650,14417.33,590,805,57035.8
2026-08-14,SLP-SHR-03,Zepto,1190,10,11900,2079.62,39,50,7340.55
2026-08-14,SLP-TRV-07,Amazon,603,184,111594,16645.96,1231,1706,61601.3
2026-08-14,SLP-TRV-07,Blinkit,620,40,24800,3492.4,152,199,15525.63
2026-08-14,SLP-TRV-07,Flipkart,641,111,72206,11164.91,839,1164,35203.96
2026-08-14,SLP-TRV-07,Instamart,620,21,13020,2080.62,80,115,8081.63
2026-08-14,SLP-TRV-07,Retail-B2B,595,43,25851,695.12,314,462,4270.86
2026-08-14,SLP-TRV-07,Shopify,642,68,44424,4618.15,511,737,18364.31
2026-08-14,SLP-TRV-07,Zepto,620,12,7440,1239.7,47,67,4396.31
2026-08-15,SLP-BAM-01,Amazon,1489,184,275562,116887.18,1130,1652,340644.45
2026-08-15,SLP-BAM-01,Blinkit,1420,38,53960,7618.68,134,190,32634.66
2026-08-15,SLP-BAM-01,Flipkart,1411,207,292916,44406.27,1322,1626,172624.59
2026-08-15,SLP-BAM-01,Instamart,1420,20,28400,4558.37,70,89,16860.47
2026-08-15,SLP-BAM-01,Retail-B2B,1457,80,117233,3896.53,468,619,21644.1
2026-08-15,SLP-BAM-01,Shopify,1382,114,160127,20125.3,695,864,62979.93
2026-08-15,SLP-BAM-01,Zepto,1420,11,15620,2580.46,49,66,8908.78
2026-08-15,SLP-COOL-09,Amazon,1485,27,44549,3322.08,63,78,11073.6
2026-08-15,SLP-COOL-09,Blinkit,1540,36,55440,7839.94,140,198,35042.85
2026-08-15,SLP-COOL-09,Flipkart,1485,40,64350,4798.56,90,116,15995.2
2026-08-15,SLP-COOL-09,Instamart,1540,18,27720,4417.61,73,103,17073.35
2026-08-15,SLP-COOL-09,Retail-B2B,1485,32,51975,3875.76,84,103,12919.2
2026-08-15,SLP-COOL-09,Shopify,1485,50,79201,5905.92,66,83,19686.4
2026-08-15,SLP-COOL-09,Zepto,1540,10,15400,2687.29,41,56,9367.05
2026-08-15,SLP-GEL-02,Amazon,1369,256,352493,54195.3,1808,2315,171510.02
2026-08-15,SLP-GEL-02,Blinkit,1430,44,62920,8918.29,176,233,38084.78
2026-08-15,SLP-GEL-02,Flipkart,1386,195,272113,39246.55,1053,1361,128450.21
2026-08-15,SLP-GEL-02,Instamart,1430,22,31460,5042.1,81,115,18634.1
2026-08-15,SLP-GEL-02,Retail-B2B,1424,65,96246,3203.17,479,701,19108.77
2026-08-15,SLP-GEL-02,Shopify,1437,106,154938,16251.28,756,1075,45781.25
2026-08-15,SLP-GEL-02,Zepto,1430,13,18590,3182.79,54,68,11338.98
2026-08-15,SLP-KIDS-10,Amazon,747,108,81743,11850.35,611,816,44503.57
2026-08-15,SLP-KIDS-10,Blinkit,710,21,14910,2108.29,83,111,9341.33
2026-08-15,SLP-KIDS-10,Flipkart,740,65,48824,5681.06,357,521,19264.85
2026-08-15,SLP-KIDS-10,Instamart,710,11,7810,1247.76,39,55,4612.49
2026-08-15,SLP-KIDS-10,Retail-B2B,706,29,21586,879.62,164,240,3535.44
2026-08-15,SLP-KIDS-10,Shopify,681,40,28492,3141,260,361,11732.45
2026-08-15,SLP-KIDS-10,Zepto,710,6,4260,733.4,25,32,2587.52
2026-08-15,SLP-KNEE-08,Amazon,832,22,20082,2227.77,129,176,6861.19
2026-08-15,SLP-KNEE-08,Blinkit,850,27,22950,3222.96,108,140,13765.68
2026-08-15,SLP-KNEE-08,Flipkart,898,13,13005,1832.65,104,144,4606.09
2026-08-15,SLP-KNEE-08,Instamart,850,14,11900,1911.26,62,81,7059.24
2026-08-15,SLP-KNEE-08,Retail-B2B,845,5,5438,217.09,36,51,999.24
2026-08-15,SLP-KNEE-08,Shopify,813,6,6540,872.91,45,59,3069.63
2026-08-15,SLP-KNEE-08,Zepto,850,8,6800,1121.68,30,39,3880.72
2026-08-15,SLP-LUM-06,Amazon,699,198,139483,16674.79,1164,1484,51103.45
2026-08-15,SLP-LUM-06,Blinkit,910,32,29120,3958.69,133,187,17745.51
2026-08-15,SLP-LUM-06,Flipkart,699,126,88863,11646.39,666,811,34330.23
2026-08-15,SLP-LUM-06,Instamart,910,17,15470,2488.13,71,94,9598.0
2026-08-15,SLP-LUM-06,Retail-B2B,699,56,40494,1538.56,325,459,8568.23
2026-08-15,SLP-LUM-06,Shopify,699,74,52869,6232.72,472,660,16538.32
2026-08-15,SLP-LUM-06,Zepto,910,9,8190,1366.19,36,47,4766.99
2026-08-15,SLP-MIC-04,Amazon,910,224,205020,21020.1,1623,2339,76685.77
2026-08-15,SLP-MIC-04,Blinkit,860,50,43000,5878.05,182,234,25236.98
2026-08-15,SLP-MIC-04,Flipkart,900,140,127452,15195.04,716,1011,46837.38
2026-08-15,SLP-MIC-04,Instamart,860,24,20640,3235.52,104,138,12103.52
2026-08-15,SLP-MIC-04,Retail-B2B,942,56,54572,1575.23,392,496,12835.22
2026-08-15,SLP-MIC-04,Shopify,299,90,27426,3682.19,620,865,12965.48
2026-08-15,SLP-MIC-04,Zepto,860,13,11180,1883.94,53,69,6432.8
2026-08-15,SLP-PREG-05,Amazon,2366,242,574936,85977.01,1514,2200,301590.39
2026-08-15,SLP-PREG-05,Blinkit,2380,24,57120,8148.04,93,123,35350.87
2026-08-15,SLP-PREG-05,Flipkart,2297,154,358558,37500.28,906,1111,131984.81
2026-08-15,SLP-PREG-05,Instamart,2380,12,28560,4523.46,43,62,17452.77
2026-08-15,SLP-PREG-05,Retail-B2B,2411,63,155197,4286.73,369,530,34397.6
2026-08-15,SLP-PREG-05,Shopify,2289,87,202598,21164.66,468,597,56010.25
2026-08-15,SLP-PREG-05,Zepto,2380,7,16660,2796.83,25,35,9723.01
2026-08-15,SLP-SHR-03,Amazon,1208,245,297430,33158.37,1511,2205,125233.22
2026-08-15,SLP-SHR-03,Blinkit,1190,35,41650,5853.74,130,180,26514.06
2026-08-15,SLP-SHR-03,Flipkart,1202,157,189564,18306.23,837,1054,69222.44
2026-08-15,SLP-SHR-03,Instamart,1190,18,21420,3427.36,63,84,13394.62
2026-08-15,SLP-SHR-03,Retail-B2B,1198,71,86754,3722.59,523,699,16681.73
2026-08-15,SLP-SHR-03,Shopify,1177,106,126904,12390.45,670,978,47506.71
2026-08-15,SLP-SHR-03,Zepto,1190,10,11900,2081.04,36,47,7315.09
2026-08-15,SLP-TRV-07,Amazon,629,195,123491,17488.14,1283,1607,56510.67
2026-08-15,SLP-TRV-07,Blinkit,620,42,26040,3679.23,178,225,16536.56
2026-08-15,SLP-TRV-07,Flipkart,618,123,76577,7556.85,811,1071,25857.42
2026-08-15,SLP-TRV-07,Instamart,620,22,13640,2161.53,98,130,8346.39
2026-08-15,SLP-TRV-07,Retail-B2B,587,43,26448,681.58,228,287,4845.76
2026-08-15,SLP-TRV-07,Shopify,608,53,33266,3666.24,294,420,13351.68
2026-08-15,SLP-TRV-07,Zepto,620,12,7440,1249.71,42,56,4372.18
2026-08-16,SLP-BAM-01,Amazon,1444,163,237025,108009.66,1092,1515,300900.34
2026-08-16,SLP-BAM-01,Blinkit,1420,38,53960,7547.25,142,184,32364.93
2026-08-16,SLP-BAM-01,Flipkart,1474,209,310739,34722.21,1429,1970,101952.8
2026-08-16,SLP-BAM-01,Instamart,1420,20,28400,4473.66,84,118,17161.74
2026-08-16,SLP-BAM-01,Retail-B2B,1449,87,128250,5148.51,659,858,22002.21
2026-08-16,SLP-BAM-01,Shopify,1462,118,174102,19953.65,705,970,53743.09
2026-08-16,SLP-BAM-01,Zepto,1420,11,15620,2608.7,43,57,9121.1
2026-08-16,SLP-COOL-09,Amazon,1485,43,66824,4983.12,95,125,16610.4
2026-08-16,SLP-COOL-09,Blinkit,1540,35,53900,7588.47,126,165,32779.34
2026-08-16,SLP-COOL-09,Flipkart,1485,50,79201,5905.92,62,84,19686.4
2026-08-16,SLP-COOL-09,Instamart,1540,17,26180,4312.13,66,89,16365.68
2026-08-16,SLP-COOL-09,Retail-B2B,1485,50,79201,5905.92,83,115,19686.4
2026-08-16,SLP-COOL-09,Shopify,1485,46,71775,5352.24,79,98,17840.8
2026-08-16,SLP-COOL-09,Zepto,1540,10,15400,2589.55,43,54,8954.81
2026-08-16,SLP-GEL-02,Amazon,1497,305,457723,54518.85,1935,2597,167393.62
2026-08-16,SLP-GEL-02,Blinkit,1430,47,67210,9314.68,202,265,41280.15
2026-08-16,SLP-GEL-02,Flipkart,1459,179,265314,26991.42,951,1346,101109.29
2026-08-16,SLP-GEL-02,Instamart,1430,24,34320,5554.36,102,134,21161.84
2026-08-16,SLP-GEL-02,Retail-B2B,1482,65,100166,2956.31,353,444,19874.91
2026-08-16,SLP-GEL-02,Shopify,1477,108,161627,21395.99,723,1011,63154
2026-08-16,SLP-GEL-02,Zepto,1430,13,18590,3188.36,47,67,11277.86
2026-08-16,SLP-KIDS-10,Amazon,735,110,81612,10260.39,746,961,28754.84
2026-08-16,SLP-KIDS-10,Blinkit,710,21,14910,2126.91,93,118,9560.27
2026-08-16,SLP-KIDS-10,Flipkart,699,84,59617,8651.33,455,558,30310.22
2026-08-16,SLP-KIDS-10,Instamart,710,11,7810,1252.37,39,54,4798.46
2026-08-16,SLP-KIDS-10,Retail-B2B,711,32,24026,957.33,176,224,4045.84
2026-08-16,SLP-KIDS-10,Shopify,747,38,28850,3061.55,223,267,11939.09
2026-08-16,SLP-KIDS-10,Zepto,710,6,4260,710.05,24,34,2434.5
2026-08-16,SLP-KNEE-08,Amazon,879,22,21217,2368.06,125,156,7569.3
2026-08-16,SLP-KNEE-08,Blinkit,850,28,23800,3421.42,106,152,14784.04
2026-08-16,SLP-KNEE-08,Flipkart,831,13,12034,1759.06,78,101,6147.97
2026-08-16,SLP-KNEE-08,Instamart,850,14,11900,1887.44,49,70,7235.53
2026-08-16,SLP-KNEE-08,Retail-B2B,860,5,5534,138.83,46,56,1288.47
2026-08-16,SLP-KNEE-08,Shopify,896,6,7208,1031.12,54,66,3061.46
2026-08-16,SLP-KNEE-08,Zepto,850,8,6800,1149.41,33,44,3946.77
2026-08-16,SLP-LUM-06,Amazon,699,191,134984,20653.86,1145,1666,60056.25
2026-08-16,SLP-LUM-06,Blinkit,910,32,29120,4025.79,127,173,17920.68
2026-08-16,SLP-LUM-06,Flipkart,699,126,88863,12713.34,689,905,44720.31
2026-08-16,SLP-LUM-06,Instamart,910,16,14560,2315.57,71,94,8932.57
2026-08-16,SLP-LUM-06,Retail-B2B,699,55,39369,1699.76,397,592,6595.94
2026-08-16,SLP-LUM-06,Shopify,699,72,51743,5186.62,378,560,18382.7
2026-08-16,SLP-LUM-06,Zepto,910,9,8190,1401.83,36,47,4817.3
2026-08-16,SLP-MIC-04,Amazon,986,268,266571,26717.99,1374,1756,83278.01
2026-08-16,SLP-MIC-04,Blinkit,860,48,41280,5736.22,186,236,25718.66
2026-08-16,SLP-MIC-04,Flipkart,902,158,143703,16415.66,1069,1313,53919.78
2026-08-16,SLP-MIC-04,Instamart,860,24,20640,3254.6,96,131,12375.4
2026-08-16,SLP-MIC-04,Retail-B2B,933,56,54051,2173.49,337,472,10272.42
2026-08-16,SLP-MIC-04,Shopify,299,90,27426,3711.84,587,803,13553.02
2026-08-16,SLP-MIC-04,Zepto,860,14,12040,2010.67,60,75,7143.89
2026-08-16,SLP-PREG-05,Amazon,2403,246,595528,76171.5,1265,1762,303291.1
2026-08-16,SLP-PREG-05,Blinkit,2380,24,57120,8041.05,100,136,35477.48
2026-08-16,SLP-PREG-05,Flipkart,2439,163,400349,38569.32,1078,1424,109307.76
2026-08-16,SLP-PREG-05,Instamart,2380,13,30940,4934.29,55,75,18627.83
2026-08-16,SLP-PREG-05,Retail-B2B,2441,59,145343,5320.48,414,552,31313.15
2026-08-16,SLP-PREG-05,Shopify,2460,87,217733,31820.82,456,614,121050.33
2026-08-16,SLP-PREG-05,Zepto,2380,7,16660,2895.41,26,34,9943.6
2026-08-16,SLP-SHR-03,Amazon,1142,259,297719,29946.72,1719,2115,97208.85
2026-08-16,SLP-SHR-03,Blinkit,1190,36,42840,5983.79,141,184,26657.84
2026-08-16,SLP-SHR-03,Flipkart,1211,167,204624,21703.47,1239,1621,76118.66
2026-08-16,SLP-SHR-03,Instamart,1190,18,21420,3395.32,64,85,12534.16
2026-08-16,SLP-SHR-03,Retail-B2B,1243,65,82011,2928.83,402,549,14719.29
2026-08-16,SLP-SHR-03,Shopify,1198,97,117600,10962.94,635,879,28902.07
2026-08-16,SLP-SHR-03,Zepto,1190,10,11900,2067.02,41,56,7246.6
2026-08-16,SLP-TRV-07,Amazon,609,182,111723,14976.35,963,1374,53523.53
2026-08-16,SLP-TRV-07,Blinkit,620,43,26660,3803.83,168,226,17033.75
2026-08-16,SLP-TRV-07,Flipkart,604,98,60263,6231.93,673,953,16892.73
2026-08-16,SLP-TRV-07,Instamart,620,23,14260,2229.04,83,108,8694.31
2026-08-16,SLP-TRV-07,Retail-B2B,643,47,31042,1241.94,262,387,4885.58
2026-08-16,SLP-TRV-07,Shopify,635,59,38830,5622.01,348,472,22188.11
2026-08-16,SLP-TRV-07,Zepto,620,12,7440,1271.4,52,71,4409.3
2026-08-17,SLP-BAM-01,Amazon,1441,188,273635,122712.82,1139,1683,326618.41
2026-08-17,SLP-BAM-01,Blinkit,1420,40,56800,8050.28,164,207,34990.75
2026-08-17,SLP-BAM-01,Flipkart,1479,190,283231,35734.62,1397,2027,91940.08
2026-08-17,SLP-BAM-01,Instamart,1420,21,29820,4733.09,74,103,18333.89
2026-08-17,SLP-BAM-01,Retail-B2B,1427,80,114819,2992.0,584,731,27496.46
2026-08-17,SLP-BAM-01,Shopify,1374,112,156989,22165.69,755,1122,70392.84
2026-08-17,SLP-BAM-01,Zepto,1420,11,15620,2683.48,44,57,9386.24
2026-08-17,SLP-COOL-09,Amazon,1485,46,71775,5352.24,80,117,17840.8
2026-08-17,SLP-COOL-09,Blinkit,1540,34,52360,7162.33,125,173,31146.25
2026-08-17,SLP-COOL-09,Flipkart,1485,26,42074,3137.52,70,98,10458.4
2026-08-17,SLP-COOL-09,Instamart,1540,18,27720,4565.54,77,107,16935.19
2026-08-17,SLP-COOL-09,Retail-B2B,1485,38,61874,4614.0,85,123,15380.0
2026-08-17,SLP-COOL-09,Shopify,1485,29,47024,3506.64,88,112,11688.8
2026-08-17,SLP-COOL-09,Zepto,1540,10,15400,2610.46,43,54,9209.86
2026-08-17,SLP-GEL-02,Amazon,1393,326,455067,60304.98,2130,2741,168934.37
2026-08-17,SLP-GEL-02,Blinkit,1430,46,65780,9164.02,178,229,39445.58
2026-08-17,SLP-GEL-02,Flipkart,1395,166,233471,23436.3,1031,1413,70973.48
2026-08-17,SLP-GEL-02,Instamart,1430,23,32890,5420.05,88,124,20534.07
2026-08-17,SLP-GEL-02,Retail-B2B,1399,72,103562,2810.71,505,733,25184.43
2026-08-17,SLP-GEL-02,Shopify,1448,108,158454,24432.22,804,1086,84905.13
2026-08-17,SLP-GEL-02,Zepto,1430,13,18590,3118.25,50,72,11199.6
2026-08-17,SLP-KIDS-10,Amazon,728,130,96066,13779.66,664,825,45253.71
2026-08-17,SLP-KIDS-10,Blinkit,710,21,14910,2111.63,94,127,9372.15
2026-08-17,SLP-KIDS-10,Flipkart,687,80,55276,6166.31,406,586,22386.12
2026-08-17,SLP-KIDS-10,Instamart,710,11,7810,1286.63,41,57,4970.05
2026-08-17,SLP-KIDS-10,Retail-B2B,742,34,26269,677.76,241,351,6343.83
2026-08-17,SLP-KIDS-10,Shopify,699,34,24745,3460.33,201,256,9486.16
2026-08-17,SLP-KIDS-10,Zepto,710,6,4260,702.58,25,34,2499.48
2026-08-17,SLP-KNEE-08,Amazon,833,22,20107,2171.13,167,214,7982.07
2026-08-17,SLP-KNEE-08,Blinkit,850,28,23800,3260.09,110,138,14184.81
2026-08-17,SLP-KNEE-08,Flipkart,850,13,12310,1339.78,100,146,4596.57
2026-08-17,SLP-KNEE-08,Instamart,850,14,11900,1886.94,57,73,7261.04
2026-08-17,SLP-KNEE-08,Retail-B2B,825,5,5310,174.88,43,59,1183.59
2026-08-17,SLP-KNEE-08,Shopify,840,6,6758,792.77,59,76,3119.59
2026-08-17,SLP-KNEE-08,Zepto,850,8,6800,1167.39,28,37,4051.11
2026-08-17,SLP-LUM-06,Amazon,699,196,138359,19569.63,1128,1413,77230.27
2026-08-17,SLP-LUM-06,Blinkit,910,32,29120,3956.84,138,199,17030.42
2026-08-17,SLP-LUM-06,Flipkart,699,119,84364,9596.73,646,804,34207.87
2026-08-17,SLP-LUM-06,Instamart,910,16,14560,2288.59,56,73,8543.73
2026-08-17,SLP-LUM-06,Retail-B2B,699,56,40494,1381.1,376,525,7735.65
2026-08-17,SLP-LUM-06,Shopify,699,65,47244,5912.25,407,556,18125.76
2026-08-17,SLP-LUM-06,Zepto,910,9,8190,1386.42,33,46,4768.58
2026-08-17,SLP-MIC-04,Amazon,950,245,233906,27007.27,1418,1795,99280
2026-08-17,SLP-MIC-04,Blinkit,860,49,42140,5897.82,191,270,26237.99
2026-08-17,SLP-MIC-04,Flipkart,977,136,135213,15391.85,763,1087,46809.64
2026-08-17,SLP-MIC-04,Instamart,860,25,21500,3448.0,105,137,12963.77
2026-08-17,SLP-MIC-04,Retail-B2B,946,71,68505,2247.69,508,759,12902.6
2026-08-17,SLP-MIC-04,Shopify,299,90,27426,3417.36,578,709,10675.48
2026-08-17,SLP-MIC-04,Zepto,860,14,12040,2056.37,55,72,7225.86
2026-08-17,SLP-PREG-05,Amazon,2497,402,1004585,121458.28,2613,3622,468433.58
2026-08-17,SLP-PREG-05,Blinkit,2380,25,59500,8121.42,106,138,34728.39
2026-08-17,SLP-PREG-05,Flipkart,2364,133,319560,47883.34,797,1148,178756.34
2026-08-17,SLP-PREG-05,Instamart,2380,13,30940,5056.74,54,68,19775.35
2026-08-17,SLP-PREG-05,Retail-B2B,2388,50,122973,5138.91,370,465,22255.95
2026-08-17,SLP-PREG-05,Shopify,2260,81,189120,21399.65,612,805,82900.08
2026-08-17,SLP-PREG-05,Zepto,2380,7,16660,2755.46,29,38,9412.41
2026-08-17,SLP-SHR-03,Amazon,1185,300,356605,36948.64,1898,2281,145371.26
2026-08-17,SLP-SHR-03,Blinkit,1190,34,40460,5677.18,134,187,24482.31
2026-08-17,SLP-SHR-03,Flipkart,1182,178,211138,32488.55,1175,1741,118999.39
2026-08-17,SLP-SHR-03,Instamart,1190,19,22610,3679.61,85,120,14333.84
2026-08-17,SLP-SHR-03,Retail-B2B,1156,63,74412,2468.31,393,510,12590.91
2026-08-17,SLP-SHR-03,Shopify,1241,99,125816,17775.55,610,751,67501.34
2026-08-17,SLP-SHR-03,Zepto,1190,10,11900,2066.41,35,50,7206.96
2026-08-17,SLP-TRV-07,Amazon,644,158,102599,14627,1019,1292,48812.15
2026-08-17,SLP-TRV-07,Blinkit,620,43,26660,3743.54,155,217,16089.31
2026-08-17,SLP-TRV-07,Flipkart,615,119,74226,9770.89,775,1092,35506.84
2026-08-17,SLP-TRV-07,Instamart,620,21,13020,2128.96,88,124,7968.54
2026-08-17,SLP-TRV-07,Retail-B2B,645,52,34252,1243.54,278,399,7291.1
2026-08-17,SLP-TRV-07,Shopify,633,59,38708,5124.02,306,429,16138.29
2026-08-17,SLP-TRV-07,Zepto,620,12,7440,1279.11,49,62,4378.01
2026-08-18,SLP-BAM-01,Amazon,1454,167,245685,105917.5,1117,1499,327567.86
2026-08-18,SLP-BAM-01,Blinkit,1420,40,56800,7844.18,150,198,34834.52
2026-08-18,SLP-BAM-01,Flipkart,1478,201,299689,44958.58,1375,1803,166010.71
2026-08-18,SLP-BAM-01,Instamart,1420,20,28400,4670.3,72,93,17549.62
2026-08-18,SLP-BAM-01,Retail-B2B,1357,80,109188,4031.54,511,632,22039.97
2026-08-18,SLP-BAM-01,Shopify,1420,98,141679,16648.3,631,938,61535.89
2026-08-18,SLP-BAM-01,Zepto,1420,11,15620,2619.95,44,56,9065.24
2026-08-18,SLP-COOL-09,Amazon,1485,50,79201,5905.92,65,92,19686.4
2026-08-18,SLP-COOL-09,Blinkit,1540,36,55440,7605.84,136,189,33257.56
2026-08-18,SLP-COOL-09,Flipkart,1485,25,39600,2952.96,89,129,9843.2
2026-08-18,SLP-COOL-09,Instamart,1540,17,26180,4202.22,69,96,16064.25
2026-08-18,SLP-COOL-09,Retail-B2B,1485,26,42074,3137.52,99,132,10458.4
2026-08-18,SLP-COOL-09,Shopify,1485,47,74250,5536.8,75,93,18456.0
2026-08-18,SLP-COOL-09,Zepto,1540,10,15400,2623.72,41,58,9122.82
2026-08-18,SLP-GEL-02,Amazon,1417,268,383095,37312.01,1831,2464,98776.22
2026-08-18,SLP-GEL-02,Blinkit,1430,45,64350,9093.05,157,211,40498.41
2026-08-18,SLP-GEL-02,Flipkart,1452,173,252358,33187.64,1116,1528,98186.07
2026-08-18,SLP-GEL-02,Instamart,1430,24,34320,5605.82,91,123,21504.58
2026-08-18,SLP-GEL-02,Retail-B2B,1445,71,104641,3146.77,437,525,17594.82
2026-08-18,SLP-GEL-02,Shopify,1450,90,133004,17814.98,597,877,47210.9
2026-08-18,SLP-GEL-02,Zepto,1430,13,18590,3078.03,54,76,10901.53
2026-08-18,SLP-KIDS-10,Amazon,731,108,79992,11133.68,772,957,35117.7
2026-08-18,SLP-KIDS-10,Blinkit,710,20,14200,1955.34,70,97,8696.4
2026-08-18,SLP-KIDS-10,Flipkart,736,77,58035,8445.44,419,570,31991.92
2026-08-18,SLP-KIDS-10,Instamart,710,11,7810,1268.18,39,55,4759.97
2026-08-18,SLP-KIDS-10,Retail-B2B,730,34,25843,738.5,182,222,6146.13
2026-08-18,SLP-KIDS-10,Shopify,695,43,30197,3683.28,248,338,11190.22
2026-08-18,SLP-KIDS-10,Zepto,710,6,4260,706.22,23,31,2462.05
2026-08-18,SLP-KNEE-08,Amazon,898,22,21675,2062.52,144,198,6956.54
2026-08-18,SLP-KNEE-08,Blinkit,850,29,24650,3552.08,105,132,15556.3
2026-08-18,SLP-KNEE-08,Flipkart,867,13,12556,1772.95,82,109,6382.34
2026-08-18,SLP-KNEE-08,Instamart,850,16,13600,2175.33,63,86,8074.18
2026-08-18,SLP-KNEE-08,Retail-B2B,854,5,5496,190.53,40,55,1177.2
2026-08-18,SLP-KNEE-08,Shopify,818,6,6581,835.78,49,70,3341.53
2026-08-18,SLP-KNEE-08,Zepto,850,8,6800,1172.76,28,38,4163.93
2026-08-18,SLP-LUM-06,Amazon,699,198,139483,14438.87,1213,1520,47232.5
2026-08-18,SLP-LUM-06,Blinkit,910,32,29120,4133.25,122,173,17752.48
2026-08-18,SLP-LUM-06,Flipkart,699,120,85490,8196.02,883,1155,23032.14
2026-08-18,SLP-LUM-06,Instamart,910,16,14560,2396.37,70,89,9372.23
2026-08-18,SLP-LUM-06,Retail-B2B,699,48,34870,1388.23,369,478,8000.78
2026-08-18,SLP-LUM-06,Shopify,699,76,53993,7501.96,452,572,24195.73
2026-08-18,SLP-LUM-06,Zepto,910,9,8190,1364.22,36,50,4904.55
2026-08-18,SLP-MIC-04,Amazon,929,239,224249,32463.63,1357,1850,121813.55
2026-08-18,SLP-MIC-04,Blinkit,860,48,41280,5874.02,174,252,26238.27
2026-08-18,SLP-MIC-04,Flipkart,962,169,164099,20561.35,1215,1635,62287.46
2026-08-18,SLP-MIC-04,Instamart,860,26,22360,3592.28,108,151,13540.43
2026-08-18,SLP-MIC-04,Retail-B2B,951,65,62745,2716.98,410,509,14320.9
2026-08-18,SLP-MIC-04,Shopify,299,90,27426,3179.03,646,875,11063.04
2026-08-18,SLP-MIC-04,Zepto,860,14,12040,2005.9,59,76,6863.5
2026-08-18,SLP-PREG-05,Amazon,2458,195,482579,64277.73,1067,1396,181088.08
2026-08-18,SLP-PREG-05,Blinkit,2380,24,57120,8011.44,99,132,34210.75
2026-08-18,SLP-PREG-05,Flipkart,2380,130,314063,32420.88,663,804,121579.84
2026-08-18,SLP-PREG-05,Instamart,2380,13,30940,5030.71,46,59,18562.34
2026-08-18,SLP-PREG-05,Retail-B2B,2356,53,128908,4067.15,357,432,26568.71
2026-08-18,SLP-PREG-05,Shopify,2320,69,164273,17663.38,478,642,65650.53
2026-08-18,SLP-PREG-05,Zepto,2380,7,16660,2878.32,30,39,9789.64
2026-08-18,SLP-SHR-03,Amazon,1178,229,271087,29618.59,1692,2334,82045.16
2026-08-18,SLP-SHR-03,Blinkit,1190,36,42840,6043.69,140,194,26035.99
2026-08-18,SLP-SHR-03,Flipkart,1193,191,230381,33890.3,1358,1874,93396.59
2026-08-18,SLP-SHR-03,Instamart,1190,17,20230,3151.44,68,93,12183.34
2026-08-18,SLP-SHR-03,Retail-B2B,1150,77,90681,3073.35,427,596,21801.9
2026-08-18,SLP-SHR-03,Shopify,1179,81,96763,13345.92,465,569,46612.19
2026-08-18,SLP-SHR-03,Zepto,1190,10,11900,2048.77,35,46,7203.67
2026-08-18,SLP-TRV-07,Amazon,632,195,124080,14207.73,1264,1603,45183.5
2026-08-18,SLP-TRV-07,Blinkit,620,43,26660,3639.84,182,248,15631.38
2026-08-18,SLP-TRV-07,Flipkart,640,99,64884,7966.7,513,736,27263.02
2026-08-18,SLP-TRV-07,Instamart,620,22,13640,2171.33,78,105,8350.96
2026-08-18,SLP-TRV-07,Retail-B2B,617,40,25814,883.46,258,319,4945.06
2026-08-18,SLP-TRV-07,Shopify,624,55,35145,3717.93,350,464,14088.68
2026-08-18,SLP-TRV-07,Zepto,620,12,7440,1264.77,46,59,4444.46
2026-08-19,SLP-BAM-01,Amazon,1409,209,297037,134278.83,1321,1731,466464.19
2026-08-19,SLP-BAM-01,Blinkit,1420,38,53960,7587.9,141,190,33833.03
2026-08-19,SLP-BAM-01,Flipkart,1411,204,290646,40845.21,1074,1331,144798.78
2026-08-19,SLP-BAM-01,Instamart,1420,20,28400,4502.13,87,125,17456.66
2026-08-19,SLP-BAM-01,Retail-B2B,1428,71,103410,2917.05,514,660,19138.66
2026-08-19,SLP-BAM-01,Shopify,1493,111,168183,18074.86,781,1026,66939.35
2026-08-19,SLP-BAM-01,Zepto,1420,11,15620,2617.96,40,55,8953.9
2026-08-19,SLP-COOL-09,Amazon,1485,34,54450,4060.32,89,122,13534.4
2026-08-19,SLP-COOL-09,Blinkit,1540,35,53900,7710.32,139,184,33405.44
2026-08-19,SLP-COOL-09,Flipkart,1485,35,56926,4244.88,71,92,14149.6
2026-08-19,SLP-COOL-09,Instamart,1540,17,26180,4228.33,71,90,16404.12
2026-08-19,SLP-COOL-09,Retail-B2B,1485,25,39600,2952.96,87,115,9843.2
2026-08-19,SLP-COOL-09,Shopify,1485,22,37124,2768.4,65,85,9228.0
2026-08-19,SLP-COOL-09,Zepto,1540,10,15400,2648.93,43,56,9015.55
2026-08-19,SLP-GEL-02,Amazon,1382,287,398096,46264.95,1613,2083,154171.79
2026-08-19,SLP-GEL-02,Blinkit,1430,45,64350,9242.06,182,260,41537.29
2026-08-19,SLP-GEL-02,Flipkart,1433,185,267504,27623.69,1113,1448,77945.41
2026-08-19,SLP-GEL-02,Instamart,1430,24,34320,5404.93,85,123,20528.91
2026-08-19,SLP-GEL-02,Retail-B2B,1417,80,114015,4552.79,541,675,22725.33
2026-08-19,SLP-GEL-02,Shopify,1448,110,160784,22338.15,733,1044,84494.02
2026-08-19,SLP-GEL-02,Zepto,1430,13,18590,3112.56,52,72,10799.67
2026-08-19,SLP-KIDS-10,Amazon,677,99,68636,6786.15,737,980,18444.71
2026-08-19,SLP-KIDS-10,Blinkit,710,21,14910,2077.3,82,114,9042.39
2026-08-19,SLP-KIDS-10,Flipkart,703,76,54302,7462.84,565,817,25345.36
2026-08-19,SLP-KIDS-10,Instamart,710,11,7810,1219.09,48,64,4749.64
2026-08-19,SLP-KIDS-10,Retail-B2B,702,29,21463,676.54,167,233,4502.89
2026-08-19,SLP-KIDS-10,Shopify,745,34,26374,2589.69,209,312,6620.89
2026-08-19,SLP-KIDS-10,Zepto,710,6,4260,745.52,23,30,2535.91
2026-08-19,SLP-KNEE-08,Amazon,827,22,19961,1902.44,150,190,6466.91
2026-08-19,SLP-KNEE-08,Blinkit,850,27,22950,3131.63,108,154,13674.02
2026-08-19,SLP-KNEE-08,Flipkart,829,13,12006,1413.97,90,127,4777.97
2026-08-19,SLP-KNEE-08,Instamart,850,15,12750,2024.39,53,67,7911.72
2026-08-19,SLP-KNEE-08,Retail-B2B,893,5,5747,167.82,36,52,978.53
2026-08-19,SLP-KNEE-08,Shopify,884,6,7111,768.75,43,64,1922.21
2026-08-19,SLP-KNEE-08,Zepto,850,8,6800,1138.65,34,43,3976.2
2026-08-19,SLP-LUM-06,Amazon,699,208,146233,16143.13,1141,1687,55040.73
2026-08-19,SLP-LUM-06,Blinkit,910,31,28210,4021.52,138,174,18205.8
2026-08-19,SLP-LUM-06,Flipkart,699,130,92238,13258.5,883,1315,44579.6
2026-08-19,SLP-LUM-06,Instamart,910,17,15470,2522.72,69,92,9341.79
2026-08-19,SLP-LUM-06,Retail-B2B,699,55,39369,1160.51,414,553,7001.22
2026-08-19,SLP-LUM-06,Shopify,699,69,49494,4940.84,403,598,12888.57
2026-08-19,SLP-LUM-06,Zepto,910,9,8190,1419.9,32,45,5113.54
2026-08-19,SLP-MIC-04,Amazon,953,245,234645,22270.15,1265,1758,59559.34
2026-08-19,SLP-MIC-04,Blinkit,860,50,43000,5941.37,191,259,26682.93
2026-08-19,SLP-MIC-04,Flipkart,999,166,167195,18163.7,1112,1608,47943.34
2026-08-19,SLP-MIC-04,Instamart,860,27,23220,3656.52,103,145,13695.52
2026-08-19,SLP-MIC-04,Retail-B2B,992,71,71837,2500.32,445,581,16458.12
2026-08-19,SLP-MIC-04,Shopify,299,90,27426,2948.32,673,911,8767.11
2026-08-19,SLP-MIC-04,Zepto,860,14,12040,2062.8,57,74,7282.48
2026-08-19,SLP-PREG-05,Amazon,2276,208,476149,72405.33,1513,2042,255204.24
2026-08-19,SLP-PREG-05,Blinkit,2380,24,57120,7853.18,91,125,34686.28
2026-08-19,SLP-PREG-05,Flipkart,2345,127,301897,30141.49,856,1197,116957.49
2026-08-19,SLP-PREG-05,Instamart,2380,13,30940,5020.31,49,61,18868.92
2026-08-19,SLP-PREG-05,Retail-B2B,2346,65,154787,5974.29,416,504,35070.13
2026-08-19,SLP-PREG-05,Shopify,2450,84,208963,30810.06,466,594,86581.44
2026-08-19,SLP-PREG-05,Zepto,2380,7,16660,2750.94,30,40,9376.69
2026-08-19,SLP-SHR-03,Amazon,1189,272,325280,40271.18,1969,2875,160200.45
2026-08-19,SLP-SHR-03,Blinkit,1190,36,42840,6030.6,153,197,26524.07
2026-08-19,SLP-SHR-03,Flipkart,1243,182,228035,28033.19,1141,1503,92822.15
2026-08-19,SLP-SHR-03,Instamart,1190,18,21420,3484.76,65,83,13309.39
2026-08-19,SLP-SHR-03,Retail-B2B,1164,63,74926,3186.29,476,670,15660.63
2026-08-19,SLP-SHR-03,Shopify,1188,108,130001,19517.47,604,829,56998.82
2026-08-19,SLP-SHR-03,Zepto,1190,10,11900,2072.17,38,47,7395.92
2026-08-19,SLP-TRV-07,Amazon,620,193,120726,11341.67,1249,1620,31939.6
2026-08-19,SLP-TRV-07,Blinkit,620,44,27280,3878.89,154,205,16806.12
2026-08-19,SLP-TRV-07,Flipkart,626,112,71524,7602.63,673,980,26997.46
2026-08-19,SLP-TRV-07,Instamart,620,22,13640,2170.16,98,126,8264.38
2026-08-19,SLP-TRV-07,Retail-B2B,631,43,27416,1183.73,230,315,5251.88
2026-08-19,SLP-TRV-07,Shopify,610,59,36320,4623.61,365,505,13203.68
2026-08-19,SLP-TRV-07,Zepto,620,12,7440,1239.6,51,67,4357.83
2026-08-20,SLP-BAM-01,Amazon,1465,167,247544,103613.52,999,1242,326209.36
2026-08-20,SLP-BAM-01,Blinkit,1420,38,53960,7637.44,141,181,32945.02
2026-08-20,SLP-BAM-01,Flipkart,1372,191,264949,36559.31,1104,1510,134465.12
2026-08-20,SLP-BAM-01,Instamart,1420,20,28400,4504.41,86,110,17465.14
2026-08-20,SLP-BAM-01,Retail-B2B,1414,76,109223,4619.11,516,628,27062.69
2026-08-20,SLP-BAM-01,Shopify,1356,98,135293,19384.22,619,927,53595.64
2026-08-20,SLP-BAM-01,Zepto,1420,11,15620,2730.08,48,67,9666.25
2026-08-20,SLP-COOL-09,Amazon,1485,31,49499,3691.2,66,86,12304.0
2026-08-20,SLP-COOL-09,Blinkit,1540,35,53900,7719.6,144,187,33017.87
2026-08-20,SLP-COOL-09,Flipkart,1485,34,54450,4060.32,58,83,13534.4
2026-08-20,SLP-COOL-09,Instamart,1540,18,27720,4516.69,79,99,17366.94
2026-08-20,SLP-COOL-09,Retail-B2B,1485,52,81676,6090.48,74,105,20301.6
2026-08-20,SLP-COOL-09,Shopify,1485,31,49499,3691.2,56,81,12304.0
2026-08-20,SLP-COOL-09,Zepto,1540,10,15400,2631.97,38,52,9032.46
2026-08-20,SLP-GEL-02,Amazon,1366,277,380297,42218.77,1484,1855,145552.09
2026-08-20,SLP-GEL-02,Blinkit,1430,46,65780,9160.57,163,212,40429.09
2026-08-20,SLP-GEL-02,Flipkart,1475,161,239740,27066.94,916,1276,79496.54
2026-08-20,SLP-GEL-02,Instamart,1430,24,34320,5638.66,97,124,21508.68
2026-08-20,SLP-GEL-02,Retail-B2B,1459,74,110351,3397.12,538,704,24735.36
2026-08-20,SLP-GEL-02,Shopify,1378,97,135271,17915.06,695,848,60149.03
2026-08-20,SLP-GEL-02,Zepto,1430,13,18590,3203.69,57,75,11514.85
2026-08-20,SLP-KIDS-10,Amazon,706,136,96570,11485.85,687,974,31882.76
2026-08-20,SLP-KIDS-10,Blinkit,710,21,14910,2049.76,84,115,9227.09
2026-08-20,SLP-KIDS-10,Flipkart,745,84,63540,8088.24,508,726,20540.47
2026-08-20,SLP-KIDS-10,Instamart,710,11,7810,1278.21,41,55,4854.93
2026-08-20,SLP-KIDS-10,Retail-B2B,743,27,21521,678.91,155,216,4530.23
2026-08-20,SLP-KIDS-10,Shopify,700,43,31539,4313.37,242,297,11301.45
2026-08-20,SLP-KIDS-10,Zepto,710,6,4260,744.41,24,34,2532.33
2026-08-20,SLP-KNEE-08,Amazon,820,22,19793,2149.3,157,194,6289.42
2026-08-20,SLP-KNEE-08,Blinkit,850,30,25500,3633.16,128,169,16455.32
2026-08-20,SLP-KNEE-08,Flipkart,812,13,11760,1295.28,106,149,4102.5
2026-08-20,SLP-KNEE-08,Instamart,850,15,12750,2007.27,60,75,7498.94
2026-08-20,SLP-KNEE-08,Retail-B2B,884,5,5689,216.06,42,58,1070.53
2026-08-20,SLP-KNEE-08,Shopify,824,6,6629,891.38,46,61,3378.82
2026-08-20,SLP-KNEE-08,Zepto,850,8,6800,1136.64,35,44,3993.89
2026-08-20,SLP-LUM-06,Amazon,699,198,139483,15685.42,1259,1814,47381.77
2026-08-20,SLP-LUM-06,Blinkit,910,32,29120,4073.05,128,169,18365.17
2026-08-20,SLP-LUM-06,Flipkart,699,114,80989,12189.89,713,857,47789.69
2026-08-20,SLP-LUM-06,Instamart,910,18,16380,2573.86,75,107,9563.82
2026-08-20,SLP-LUM-06,Retail-B2B,699,50,35994,1275.64,256,335,6068.78
2026-08-20,SLP-LUM-06,Shopify,699,68,48368,5421,484,703,13553.25
2026-08-20,SLP-LUM-06,Zepto,910,9,8190,1370.41,33,47,4935.26
2026-08-20,SLP-MIC-04,Amazon,958,243,234335,27590.62,1664,2191,75733.61
2026-08-20,SLP-MIC-04,Blinkit,860,49,42140,5835.49,215,302,25243.29
2026-08-20,SLP-MIC-04,Flipkart,919,160,147889,16401.18,1123,1486,59280.27
2026-08-20,SLP-MIC-04,Instamart,860,27,23220,3675.88,110,157,13567.66
2026-08-20,SLP-MIC-04,Retail-B2B,914,56,52950,2252.31,329,457,12355.6
2026-08-20,SLP-MIC-04,Shopify,299,90,27426,3276.07,630,927,9367.41
2026-08-20,SLP-MIC-04,Zepto,860,14,12040,2072.46,61,81,7314.15
2026-08-20,SLP-PREG-05,Amazon,2345,208,490583,64712.15,1050,1275,180008.76
2026-08-20,SLP-PREG-05,Blinkit,2380,24,57120,8232.64,102,147,36287.58
2026-08-20,SLP-PREG-05,Flipkart,2441,127,314257,38930.62,739,1064,117292.87
2026-08-20,SLP-PREG-05,Instamart,2380,13,30940,5053.31,57,75,19618.13
2026-08-20,SLP-PREG-05,Retail-B2B,2250,59,133969,5353.98,413,536,32930.22
2026-08-20,SLP-PREG-05,Shopify,2366,71,171337,17059.41,488,692,49536.99
2026-08-20,SLP-PREG-05,Zepto,2380,7,16660,2789.64,26,33,9510.54
2026-08-20,SLP-SHR-03,Amazon,1144,300,344266,33288.02,1549,2077,121949.97
2026-08-20,SLP-SHR-03,Blinkit,1190,37,44030,6016.31,139,196,26720.91
2026-08-20,SLP-SHR-03,Flipkart,1218,179,221488,26741.75,919,1229,96442.21
2026-08-20,SLP-SHR-03,Instamart,1190,19,22610,3594.94,72,91,13333.76
2026-08-20,SLP-SHR-03,Retail-B2B,1153,71,83496,2919.24,536,719,14337.56
2026-08-20,SLP-SHR-03,Shopify,1225,105,130107,18734.97,560,801,70113.34
2026-08-20,SLP-SHR-03,Zepto,1190,10,11900,2009.16,44,62,7130.19
2026-08-20,SLP-TRV-07,Amazon,605,173,105149,11911.89,882,1306,41021.53
2026-08-20,SLP-TRV-07,Blinkit,620,44,27280,3717.44,163,231,16843.9
2026-08-20,SLP-TRV-07,Flipkart,635,99,64377,8532.7,546,700,25485.21
2026-08-20,SLP-TRV-07,Instamart,620,21,13020,2139.28,93,128,8271.61
2026-08-20,SLP-TRV-07,Retail-B2B,642,50,33059,845.16,257,311,5309.09
2026-08-20,SLP-TRV-07,Shopify,616,59,36676,4874.11,427,623,13638.18
2026-08-20,SLP-TRV-07,Zepto,620,12,7440,1255.6,43,57,4406.74
2026-08-21,SLP-BAM-01,Amazon,1404,250,351000,35000,1800,2400,105000
2026-08-21,SLP-GEL-02,Amazon,1699,310,526690,52000,2200,3100,165000
2026-08-21,SLP-BAM-01,Blinkit,1420,85,120700,14000,450,600,48000
2026-08-21,SLP-GEL-02,Flipkart,1587,195,309465,32000,1400,1900,98000
